,V(m/s),alpha(deg),beta(deg),p(deg/s),q(deg/s),r(deg/s),phi(deg),theta(deg),elevator(deg),aileron(deg),rudder(deg),gamma(deg),pb,qc,rb,CD_act,CL_act,Cm_act,CY_act,Cr_act,Cn_act
1.0,11.91532431435435,2.9358172379243506,22.356020777767426,0.03927975433676715,-0.022786884147276556,-0.7217833783086147,0.04000491651534596,3.106013597826215,-7.2157,0.0,19.3605606646,-0.17019635990186455,0.11356699164885072,-0.06588223183551796,-2.086845202591462,0.03959385631346784,-0.004354697716668909,0.11045671800610166,-0.2435998302985421,0.0036581022649203833,-0.0018064824127218687
2.0,11.91497858775515,2.9010961701491125,23.064919703759536,0.03912575992299268,-0.044943260694926386,-0.720378670395073,0.040269428201227316,3.0726390130731858,-7.2157,0.0,19.3605606646,-0.1715428429240733,0.11312504000068425,-0.12994528857411247,-2.082844296557476,0.03958501256454062,-0.0062881740973704525,0.11390939560361264,-0.251965497129613,0.0037279498725995867,-0.0038741815570553784
3.0,11.914458704863424,2.8441950994840455,23.77151859219539,0.03887674995078835,-0.06688366426236252,-0.7180734151048199,0.04099058424846101,3.0172134527206005,-7.2157,0.0,19.3605606646,-0.173018353236555,0.11240997757270849,-0.1933904251057456,-2.0762696621931527,0.039527928734799954,-0.008414026314768074,0.11673967686789422,-0.25982696892509904,0.003842367231487557,-0.006200502618347259
4.0,11.913811597031794,2.765270040496912,24.47495210533625,0.038537895191158564,-0.08852393703351837,-0.7148963565201149,0.042394437514693614,2.940001886372772,-7.2157,0.0,19.3605606646,-0.17473184587586,0.11143625014736497,-0.25597598266238303,-2.0671956478020705,0.039421338026096486,-0.010719310604445139,0.11893113104733216,-0.26714917244909975,0.004000972886715191,-0.00877986424535751
5.0,11.913085337664542,2.6645501752914273,25.17438932719769,0.03811433294560164,-0.10978565534168283,-0.7108848768856227,0.04470032877337281,2.841353285974475,-7.2157,0.0,19.3605606646,-0.17680311068304766,0.11021819560249928,-0.3174757604197961,-2.0557213613908987,0.03926421551942134,-0.013191061379586075,0.12047050105909224,-0.27390037687357804,0.0042032314390306625,-0.011604548416171909
6.0,11.91232887414656,2.5423335910477416,25.86904153861185,0.03761105892232391,-0.1305965504326673,-0.7060840165876611,0.04811768294783341,2.7216944542048513,-7.2157,0.0,19.3605606646,-0.17936086315710975,0.10876974549335443,-0.3776802344812459,-2.041968000416512,0.03905579142763014,-0.015816446386545006,0.12134773840215712,-0.28005237309295344,0.004448464143514452,-0.014664917732041538
7.0,11.911591751430855,2.398982813510903,26.558169013207092,0.03703283000537199,-0.1508907600898827,-0.7005454649266364,0.05284314351885101,2.581523458665561,-7.2157,0.0,19.3605606646,-0.18254064515465807,0.10710415705204258,-0.43639731729993503,-2.0260760921245984,0.038795560226263716,-0.01858289938641827,0.12155599180814933,-0.2855805994939311,0.004735859778090379,-0.01794964463173862
8.0,11.910923831869173,2.234920247820631,27.24108683435527,0.03638408063273818,-0.17060892244853804,-0.69432655459692,0.05905809947285701,2.4214028488718013,-7.2157,0.0,19.3605606646,-0.18648260105117043,0.10523378333124059,-0.49345268774418716,-2.0082027341879343,0.03848328582451372,-0.02147822964467531,0.12109155427662836,-0.29046421771580944,0.005064485490749514,-0.021445944980758858
9.0,11.910375015507423,2.050623623269625,27.917169761215018,0.035668854655549066,-0.18969812837160135,-0.6874892875169352,0.06692664275917098,2.241952820258767,-7.2157,0.0,19.3605606646,-0.19132919698914197,0.10316988686617896,-0.5486897359565004,-1.9885189109596981,0.03811900305752208,-0.024490708546246714,0.11995377411348337,-0.2946861426794509,0.005433297383637686,-0.025139809529282908
10.0,11.909994964590839,1.846621521259353,28.585856194130663,0.03489075367748935,-0.20811175207919594,-0.6800994136713542,0.07659397847063164,2.0438444716524913,-7.2157,0.0,19.3605606646,-0.1972229503931382,0.10092249977964637,-0.6019691763467175,-1.967206944304788,0.03770301586503391,-0.027609134492767445,0.11814493609821439,-0.29823303155103953,0.005841150647360148,-0.02901622796073082
11.0,11.909832835476037,1.6234890473797905,29.24665130553057,0.034052902027843356,-0.22580918134831185,-0.6722255784497874,0.08818529547953,1.827793281718179,-7.2157,0.0,19.3605606646,-0.2043042343383885,0.0985003308665091,-0.653168386568577,-1.9444581210756802,0.03723589257083115,-0.03082287786038992,0.11567011898539022,-0.3010952363958471,0.006286809115447618,-0.03305940155213147
12.0,11.909937020568117,1.3818436905528193,29.8991294122739,0.033157927749674715,-0.2427554686891576,-0.6639385480362475,0.10180509246632974,1.5945529075217744,-7.2157,0.0,19.3605606646,-0.21270921696895506,0.09591071799990135,-0.702180530585422,-1.9204705230891035,0.036718458696305564,-0.03412190820070431,0.1125370352642406,-0.3032667251377368,0.006768954162797752,-0.03725294173517288
13.0,11.910354902324405,1.1223413957337307,30.542935669666456,0.0322079583215559,-0.2589209237063484,-0.6553105170687875,0.11753694339086404,1.344909386064769,-7.2157,0.0,19.3605606646,-0.22256799033103825,0.09315962230152018,-0.7489135206158235,-1.8954470709024756,0.03615178773606089,-0.03749680607113829,0.10875585854406697,-0.304744975147323,0.007286192919674183,-0.041580053000191255
14.0,11.911132620817876,0.8456728626953216,31.177787166923736,0.03120462929907218,-0.27428066466823503,-0.6464144982878126,0.13544367752379127,1.0796757987495211,-7.2157,0.0,19.3605606646,-0.23400293605419953,0.09025165897944826,-0.7932888666948521,-1.8695937804515899,0.035537190300760975,-0.040938761914237926,0.10433904319599717,-0.30553084340826786,0.007837065812008513,-0.04602369956626513
15.0,11.912314855849777,0.5525600725770861,31.803473499684497,0.030149103671084778,-0.28881414445433795,-0.6373237903547664,0.15556794209821945,0.7996874401570524,-7.2157,0.0,19.3605606646,-0.24712736757996634,0.08719015859111781,-0.8352404546766973,-1.8431182220590714,0.034876201999939564,-0.044439564303816535,0.09930114005608878,-0.305628416821207,0.008420053467734948,-0.050566756015590714
16.0,11.913944624151053,0.24375303653593716,32.419856888313234,0.02904209947483299,-0.3025046628353632,-0.6281115174819738,0.17793311028561895,0.5057975168996341,-7.2157,0.0,19.3605606646,-0.262044480363697,0.08397725173909719,-0.8747132845953485,-1.8162281645484717,0.03417057040192234,-0.04799157967853275,0.0936586111641037,-0.3050448458499226,0.009033583047014576,-0.055192142648826145
17.0,11.916053545494913,-0.07997257376323585,33.0268588265925,0.027884266212901732,-0.3153388257436909,-0.6188498956471864,0.2025445100462825,0.1988733878189799,-7.2157,0.0,19.3605606646,-0.27884596158221575,0.08061502638997813,-0.9116627837726754,-1.7891308413183293,0.033552499041463256,-0.051747715888216556,0.08754108057025137,-0.30744231521327336,0.009723343131251555,-0.05923793366694617
18.0,11.918284041818946,-0.4177942376872067,33.62392978688485,0.02668965984847776,-0.32730707087487415,-0.6095948569421491,0.22939690900747325,-0.12020662061421723,-7.2157,0.0,19.3605606646,-0.2975876170729895,0.07714690961835248,-0.9460865802556032,-1.7620441623953758,0.033313890450613115,-0.05608169900223339,0.08123328421544157,-0.3212452910806777,0.010593740092840453,-0.061237432011836276
19.0,11.92050352287393,-0.7688971154949167,34.210866579299555,0.02546342808022996,-0.3384102233535998,-0.6004046044063942,0.2584827019848395,-0.4505607710010125,-7.2157,0.0,19.3605606646,-0.3183363444939042,0.07358876205863772,-0.9779983011758564,-1.735156453929185,0.03305867592262629,-0.06051212086904284,0.07442624897721747,-0.33548710632862866,0.011499079312472855,-0.06313855355306038
20.0,11.922727907908417,-1.1324708577032745,34.78772943847475,0.024204793836278757,-0.34865203917142634,-0.5913399315254968,0.28978208548469697,-0.7913109976601526,-7.2157,0.0,19.3605606646,-0.34115986004312193,0.06993828544109458,-1.007408945522327,-1.708640908222079,0.0327878961982436,-0.06503008200507993,0.06714118792578097,-0.3501601330543246,0.012437372170245334,-0.06493295490990532
21.0,11.92497199418698,-1.5077002056551136,35.35463921409569,0.022912514983078388,-0.3580370882831995,-0.5824593829457377,0.32326348224828666,-1.1415842713172126,-7.2157,0.0,19.3605606646,-0.366115934337901,0.0661918654024366,-1.0343317952753948,-1.6826643913513615,0.0325026847443397,-0.06962658913516595,0.05939958670543348,-0.36525594485837565,0.013406620277883906,-0.0666127793510511
22.0,11.927249350749301,-1.8937660986669818,35.911775387913124,0.021584940207799,-0.3665702510217143,-0.5738192855614931,0.3588852566677399,-1.5005130983889972,-7.2157,0.0,19.3605606646,-0.3932530002779846,0.06234473417057896,-1.0587810128162294,-1.6573875338953616,0.032204259366412635,-0.07429254517827433,0.05122308436040484,-0.38076544928147954,0.014404818540998624,-0.06817062722280794
23.0,11.929572220783617,-2.2898465124313487,36.45937410711121,0.020220059020632283,-0.3742562514779824,-0.5654737905655034,0.3965974662041747,-1.867235495995741,-7.2157,0.0,19.3605606646,-0.42261101643560783,0.058391115822845986,-1.080770343210981,-1.6329648477287957,0.03189391488912173,-0.07901873768473275,0.04263336777558416,-0.39667901552644824,0.015429957511886317,-0.06959952777514865
24.0,11.931951431395555,-2.695117044658495,36.997726234807544,0.018815544084656913,-0.38109921933431024,-0.5574749169676954,0.4363436166772479,-2.240894479405789,-7.2157,0.0,19.3605606646,-0.4542225652527061,0.05432434899214286,-1.1003118963024008,-1.6095448426821912,0.03157301696025023,-0.08379582530264942,0.03365207769841372,-0.4129865954577697,0.016480025080187248,-0.07089291405724543
25.0,11.934381602083318,-3.1087465928957343,37.52716544116477,0.017371502396539493,-0.38710196579873507,-0.5498721588347684,0.4780626257097408,-2.6206370609223524,-7.2157,0.0,19.3605606646,-0.4881095319733819,0.05014489041110583,-1.1174154779363257,-1.587270836768868,0.031351746658197364,-0.08919281794054934,0.024748763461657247,-0.4311846900689953,0.01775667285330674,-0.07168125045179895
26.0,11.936570443826392,-3.529827454387273,38.04787370463085,0.01594046221042741,-0.3922705461094974,-0.5426968671483235,0.5217156827950045,-3.0056130153868077,-7.2157,0.0,19.3605606646,-0.5242144390004655,0.046005586423129165,-1.132127555152284,-1.5662712469417286,0.03143519736757251,-0.09629101193910594,0.016798305132904298,-0.45418030265611264,0.019656184034099022,-0.0712762270178067
27.0,11.938401851217614,-3.957561951272382,38.5601667699591,0.01454149406733001,-0.39663801798423187,-0.5359639884256859,0.5673096870314274,-3.3949915551306447,-7.2157,0.0,19.3605606646,-0.5625703961417372,0.04196160230344616,-1.1445568586019041,-1.546602269832433,0.031519056399626655,-0.10345973364835928,0.008572430378769813,-0.47778266119413726,0.021614096651577198,-0.0706963477501549
28.0,11.939876215880155,-4.391230627499034,39.06445317026473,0.013171111029560267,-0.40023997912379294,-0.5296859410096877,0.6148547786493491,-3.7879774009465184,-7.2157,0.0,19.3605606646,-0.6032532265525159,0.03800246893387941,-1.1548082267784432,-1.5282973070955415,0.03160390080134178,-0.11068631617654942,8.977328259675288e-05,-0.5019697793587193,0.02362717526735109,-0.06994417485437204
29.0,11.940993288088679,-4.830148146225017,39.561153623425,0.01182500226097351,-0.40310807651264213,-0.5238725350900781,0.66435915905,-4.183808255494667,-7.2157,0.0,19.3605606646,-0.6463398907303501,0.034115363610236385,-1.162974712473299,-1.511382545692891,0.03169031081324195,-0.11795844845511447,-0.008632453651483171,-0.5267201882459701,0.025692279392757717,-0.06902246909143338
30.0,11.94175216952266,-5.273659412868287,40.050698862915965,0.010498120337754782,-0.40526972237215125,-0.5185316893076237,0.7158291652591491,-4.581750623698084,-7.2157,0.0,19.3605606646,-0.6919087891702036,0.03028535850531796,-1.169136801494909,-1.4958790337516845,0.03177887169523623,-0.1252640878830474,-0.017578436069645917,-0.5520129589505031,0.027806357186079714,-0.06793408107981884
31.0,11.942151304540195,-5.721135445432823,40.5335281575941,0.009184757014261174,-0.40674786709571253,-0.5136700630804863,0.7692692863835027,-4.981095375388554,-7.2157,0.0,19.3605606646,-0.7400400700442695,0.02649563475393266,-1.1733617891878498,-1.4818045109171474,0.03187017698306978,-0.1325913657876242,-0.02673372532609969,-0.5778276986605709,0.029966436493873,-0.06668185933818337
32.0,11.942104534788028,-6.171967153824727,41.01008732085167,0.007883211854793048,-0.4075608089845013,-0.5092936720092214,0.8246827308339064,-5.381153087473363,-7.2157,0.0,19.3605606646,-0.7908140663513636,0.022741104602333896,-1.1757115195747438,-1.4691855149657762,0.03238621667105279,-0.140115969303848,-0.03588196252080451,-0.6042576084425285,0.032404643798744595,-0.06547999216923267
33.0,11.940766530709158,-6.625565585654088,41.480815648518224,0.006632286361193277,-0.4077312240072251,-0.5054013562782489,0.8820956832183484,-5.7812519760410135,-7.2157,0.0,19.3605606646,-0.8443136096130743,0.019134639686279747,-1.176334922127876,-1.4581205217443973,0.033596359101228185,-0.1479483476261475,-0.04487471581983704,-0.6313694743107696,0.03527745912869646,-0.06445426321885783
34.0,11.937914312053673,-7.0814203313205,41.946149233547786,0.005434863464016586,-0.4072941604040298,-0.5019770739792632,0.9415640387890155,-6.180749156666726,-7.2157,0.0,19.3605606646,-0.9006711746537741,0.015683731801150964,-1.175354710977569,-1.4485872277643022,0.03481534526385693,-0.1557767438484332,-0.05402384317588767,-0.65896714333352,0.03820468370184858,-0.06326233785347021
35.0,11.933548744098491,-7.539062671830824,42.406511087670374,0.004280729624665554,-0.4062799939732163,-0.49900439336103314,1.0031393095597594,-6.579033810915151,-7.2157,0.0,19.3605606646,-0.9600288609156733,0.012357693317560495,-1.1728569675721088,-1.4405355623815528,0.0360410627542976,-0.16359325395524738,-0.06331544493891711,-0.6870325567775473,0.04118324138332294,-0.06191055138182419
36.0,11.927673683991118,-7.9980499969358165,42.86231016522875,0.0031588944345648344,-0.40471240402396735,-0.49646890537210997,1.0668652384318307,-6.9755208895709435,-7.2157,0.0,19.3605606646,-1.022529107364873,0.009123649435247207,-1.168907088507843,-1.4339220071911152,0.03727154447903991,-0.17138998866178679,-0.07273750037510868,-0.7155485791726643,0.04421020456934771,-0.06040463497009298
37.0,11.920295828313186,-8.457958413939918,43.313943973532545,0.002057676998695997,-0.40260829647374197,-0.49435874062016066,1.1327770823263545,-7.36964438639131,-7.2157,0.0,19.3605606646,-1.0883140275486083,0.0059467460896990305,-1.1635496310902465,-1.428711070568666,0.038504935795484294,-0.17915890174728008,-0.08227975794929243,-0.7444988123386462,0.04728275395543885,-0.058749651649257426
38.0,11.911424586761548,-8.918375393981094,43.76180165564659,0.0009647763122614065,-0.3999777099306956,-0.49266494895941804,1.2009009947750986,-7.760850512779589,-7.2157,0.0,19.3605606646,-1.157524881201505,0.0027903080538615684,-1.156808071674887,-1.4248763754517753,0.03973946130953681,-0.18689161491622686,-0.09193363360535349,-0.7738673935773881,0.05039813710502444,-0.05694995894631695
39.0,11.900576230917267,-9.378852324548948,44.20640174700166,-0.00015591610740210582,-0.39681718154430456,-0.4913892337317228,1.2712473703232108,-8.148589136510346,-7.2157,0.0,19.3605606646,-1.2302631880386024,-0.0004513487242784158,-1.1487134436974753,-1.4224823045188841,0.04214295745796129,-0.1957179771583477,-0.10049673421466943,-0.7973078387456423,0.05299538846192888,-0.05672874195790058
40.0,11.886833525535037,-9.83884983176787,44.64841277426501,-0.0013615037986330547,-0.3930927417840951,-0.49055701995800827,1.3437756416307094,-8.532289206743824,-7.2157,0.0,19.3605606646,-1.306560625024046,-0.003945862097096842,-1.1392474644632105,-1.4217149841671326,0.04479156907267349,-0.20473423621674353,-0.10889795405121284,-0.819651627144346,0.055497832845593245,-0.056731877978293266
41.0,11.870214673963181,-10.297832959804314,45.08829670377426,-0.0026659806382641022,-0.38876141832453304,-0.4901931285164705,1.418421116081196,-8.911338557171531,-7.2157,0.0,19.3605606646,-1.386494402632783,-0.007737268070614778,-1.1282720008979095,-1.4226493573392294,0.0474287596908433,-0.21367912168705547,-0.11739641378799197,-0.8422438706975756,0.05802201703231949,-0.05658393330922504
42.0,11.850769457292573,-10.755222558981748,45.526539149905354,-0.004082688179852209,-0.3837728083811656,-0.4903237551205758,1.495112837748465,-9.285076736249954,-7.2157,0.0,19.3605606646,-1.4701458227317943,-0.011868310180429515,-1.1156215042724846,-1.4253634268034192,0.05004982104559824,-0.22253458425706524,-0.12599568724581509,-0.8650775428292791,0.060565205355583324,-0.05627983929543934
43.0,11.828555728870151,-11.210386518164889,45.96365715171317,-0.005625512689088318,-0.3780683282635215,-0.4909760606502945,1.5737730995568495,-9.65278696087983,-7.2157,0.0,19.3605606646,-1.5575995572850587,-0.016383987748063305,-1.1011026373143187,-1.4299400262468274,0.0526495557004133,-0.23128048595866463,-0.1347006444462349,-0.8881447636737584,0.06312441696996197,-0.055814253262453054
44.0,11.80363960894732,-11.662631535206367,46.400200140087335,-0.007308993421105652,-0.3715804625903731,-0.4921773851497661,1.6543165031226363,-10.013687394665993,-7.2157,0.0,19.3605606646,-1.6489441405403742,-0.021331964690469357,-1.0844915094268943,-1.4364646397334035,0.055222197834387296,-0.23989431900925465,-0.1435175443974514,-0.911436462351316,0.06569638330635796,-0.05518174186777326
45.0,11.776067024934001,-12.11119362724819,46.83675745682637,-0.009150682662320173,-0.36423159599447513,-0.49395449462547564,1.7366483399681516,-10.366921616185387,-7.2157,0.0,19.3605606646,-1.7442720110628027,-0.026769635146391055,-1.0655321896047032,-1.44502679067785,0.05798128566477758,-0.24833208436356727,-0.1522583715866455,-0.9338112802855714,0.06810491592069948,-0.054554118663369094
46.0,11.74531655827772,-12.555204386887452,47.274107437818124,-0.01121368679608643,-0.3559195339599115,-0.49634253324931227,1.8206417993929234,-10.711543153422323,-7.2157,0.0,19.3605606646,-1.843661233465129,-0.032890685253852754,-1.0439418881628604,-1.455814339749573,0.061361934473429566,-0.25653187256619747,-0.1605412579481449,-0.9529577666593588,0.06999544335864197,-0.05427695626768364
47.0,11.711248648983593,-12.993634664485743,47.71299596376709,-0.013533042746611958,-0.3465127232847903,-0.4993835150697977,1.9061182121414173,-11.046484365865407,-7.2157,0.0,19.3605606646,-1.9471502986203362,-0.039809019225396106,-1.019307477362549,-1.4689946913259015,0.06468940962083627,-0.2645184545695358,-0.16897680901185197,-0.972274103834711,0.07188476061363848,-0.05380297643875451
48.0,11.673991465187974,-13.425311544542103,48.154151978947596,-0.016125208730310966,-0.33586526694888547,-0.5031110285041482,1.9928819674493063,-11.370536343476935,-7.2157,0.0,19.3605606646,-2.0547752010651674,-0.047585561666355726,-0.9911398754138798,-1.484682851075635,0.06795282335906504,-0.272251828739771,-0.17758583319555482,-0.9917521423854443,0.07376958570352175,-0.053124620218556406
49.0,11.633686795558647,-13.848906070800911,48.59834116646503,-0.019008262029797073,-0.32381574663281004,-0.5075468496916101,2.0807199307830886,-11.682334592907758,-7.2157,0.0,19.3605606646,-2.1665714778931537,-0.056287799253500886,-0.958892281315248,-1.5029619826580818,0.07113980881372783,-0.2796868615004561,-0.18639144690497744,-1.011379631122459,0.07564611311028982,-0.05223687792310355
50.0,11.59049054582925,-14.262909731640484,49.046353752016145,-0.022202347308004182,-0.3101851543095148,-0.5126971190694407,2.1693939610819757,-11.980343064265917,-7.2157,0.0,19.3605606646,-2.2825666673745673,-0.06599124184920518,-0.9219522265869946,-1.523871287596013,0.07423632322476222,-0.2867725626034494,-0.19541931682817038,-1.0311388262495746,0.07750991044339135,-0.05113824888978806
51.0,11.544573323451166,-14.665605305448183,49.49898859139027,-0.025730198120985207,-0.29477470755961227,-0.5185476189481598,2.2586311367067378,-12.262836433473456,-7.2157,0.0,19.3605606646,-2.402768871974727,-0.07678112481362422,-0.8796330874178107,-1.547390706634085,0.07722641379741911,-0.2934512373802108,-0.2046978436942527,-1.0510047167856278,0.07935578751843311,-0.049831955955895194
52.0,11.496116556904123,-15.05503080495809,49.95703613346475,-0.029617120994463786,-0.27736359187920556,-0.5250578653847982,2.348111176024234,-12.527880694522862,-7.2157,0.0,19.3605606646,-2.527150110435228,-0.08875256380786423,-0.8311655238481523,-1.5734220658752105,0.08017150998444661,-0.29967082164593906,-0.21419390339181416,-1.0697588531490458,0.08128662034842203,-0.048166350788409126
53.0,11.444991645009924,-15.428953205571139,50.421486743294246,-0.03384891267202558,-0.25771392534176457,-0.5321449675621247,2.4374678954369227,-12.773314013683091,-7.2157,0.0,19.3605606646,-2.6556391918880475,-0.10188692816212801,-0.7757318662521481,-1.6017830943990436,0.08344855865295338,-0.30543062593933046,-0.22360624939731358,-1.0815911775032372,0.08382701791690796,-0.04540097122119256
54.0,11.39123447921276,-15.784867209281181,50.893120827731835,-0.038438733243502964,-0.23558543372196222,-0.5396773976567489,2.5262932371493827,-12.996742260153587,-7.2157,0.0,19.3605606646,-2.788124949127594,-0.1162485385280378,-0.7124704707406291,-1.6321221710607676,0.08656236986508338,-0.3105771146010307,-0.2333370166833573,-1.0936272723981078,0.08630720480215043,-0.042563098470071906
55.0,11.335095539640621,-16.119899775375103,51.3724418108469,-0.043432619277004,-0.21071554344319357,-0.5474775054474552,2.6140729030782657,-13.195531076744462,-7.2157,0.0,19.3605606646,-2.9243686986306408,-0.13200186349203252,-0.6404136997550327,-1.6639118741175434,0.0894868643536613,-0.31502143802848304,-0.24341651540030435,-1.1058567747351322,0.08870979020163891,-0.039703413913921
56.0,11.276845961494079,-16.430725053767656,51.8597794160262,-0.04888346688015861,-0.18281491200162023,-0.5553076895211037,2.7001520355693764,-13.366784938011719,-7.2157,0.0,19.3605606646,-3.063940115755937,-0.1493356777038342,-0.5584871638719621,-1.6964273493957904,0.09219148341355841,-0.31866220748603147,-0.25387686191355885,-1.118258716409862,0.09101415408339056,-0.03688833146931847
57.0,11.216779974616314,-16.713476807432624,52.35522964720277,-0.05485223639636477,-0.15156971788088242,-0.5628538773235862,2.7837036045843915,-13.507327790713472,-7.2157,0.0,19.3605606646,-3.206149016719152,-0.168467202542181,-0.46551477276124525,-1.7286882793170613,0.09464021343187543,-0.3213838922478276,-0.26475056131004526,-1.1307982282619586,0.09319575127288648,-0.034204477105233014
58.0,11.15521808140447,-16.963647154149466,52.85857759640892,-0.061409383676842795,-0.11664703809135676,-0.5697048244389579,2.863691396144105,-13.613689162284533,-7.2157,0.0,19.3605606646,-3.349957991864933,-0.18964696631021677,-0.36023414629123085,-1.7593857026102258,0.09679041535645004,-0.3230552726309386,-0.27606821246409774,-1.14342233122329,0.09522529730481567,-0.03176433190390518
59.0,11.09251111869445,-17.175971649483365,53.36919844550285,-0.0686365327177066,-0.07770499136030816,-0.5753264160260079,2.938827319619226,-13.682099907215779,-7.2157,0.0,19.3605606646,-3.4938717422675865,-0.21316440676268528,-0.24132830913742484,-1.7867906391991717,0.0985914398956836,-0.3235281389076489,-0.28785492297138104,-1.1560545878915598,0.09706783452529719,-0.029713280656254698
60.0,11.029045357299987,-17.34430268139162,53.885930994181585,-0.07662837930402015,-0.034410102167327435,-0.5790301913750431,3.0075231520051906,-13.708503753378368,-7.2157,0.0,19.3605606646,-3.635798928013253,-0.23935414004587552,-0.10748237778166451,-1.8086415865238215,0.0999830273751651,-0.3226365544802563,-0.30012484481970847,-1.1685883540401334,0.09868169296162148,-0.02823830728070148
61.0,10.9652487827188,-17.461476740712122,54.40691698350877,-0.08549476252704886,0.013534562765365805,-0.5799355689521366,3.067837539662524,-13.688593638577803,-7.2157,0.0,19.3605606646,-3.772883102134319,-0.2686026215564401,0.04252212571790303,-1.8220088523561457,0.10089353083668112,-0.3201971997255626,-0.3128729985120584,-1.1808783543085493,0.10001739016118581,-0.027578521727619834
62.0,10.901598652629836,-17.519187426153913,54.92939863166297,-0.09536273806259074,0.06634542486022224,-0.5769259412117965,3.117420236295029,-13.6178857924808,-7.2157,0.0,19.3605606646,-3.9013016336731123,-0.3013545472492457,0.20965731350633532,-1.82313615718662,0.1012380789174661,-0.3160116120628841,-0.32606322776413854,-1.1927303389387642,0.1010165660301323,-0.02803753161316866
63.0,10.838630306912373,-17.507886629100465,55.44946667015527,-0.10637829500149844,0.12409153749292795,-0.5686003218661475,3.153457383910914,-13.491849974703438,-7.2157,0.0,19.3605606646,-4.016036654397027,-0.33811765500152047,0.3944182378750387,-1.8072653585939076,0.10091693842446171,-0.30987157726361464,-0.3396107122771881,-1.2038887161208478,0.10161113508248132,-0.02999727937202948
64.0,10.776946956240888,-17.416753471551843,55.96175279231527,-0.11870701160188457,0.18659534861603988,-0.5532252254151911,3.1726244218975226,-13.3061215688163,-7.2157,0.0,19.3605606646,-4.110631902735543,-0.37946336437303657,0.5964778137930821,-1.7684608723546302,0.09981458662945558,-0.30156954610078607,-0.3533569868279167,-1.2140224035940699,0.1017229760593534,-0.03393216731389881
65.0,10.71722970329353,-17.233797058406672,56.45906574505379,-0.13253234021834,0.25328903839159433,-0.528697021935414,3.171057273318814,-13.056830495432347,-7.2157,0.0,19.3605606646,-4.176966562974325,-0.42601859313687274,0.8141849726248643,-1.6994701905174021,0.09780041682815928,-0.2909167636536252,-0.3670349759182913,-1.2227098921493196,0.10126468628441722,-0.040420781890670346
66.0,10.660246218703175,-16.94619760786838,56.931982788557924,-0.1480491938704485,0.32301280319501224,-0.4925347757828398,3.1443581311530124,-12.741092624972971,-7.2157,0.0,19.3605606646,-4.20510498289541,-0.47844061236489943,1.0438587291299801,-1.5916914748131377,0.09473263979703161,-0.27777273216119186,-0.3802214440023965,-1.2294259765815418,0.10014221751737944,-0.05014983303787929
67.0,10.606855123001628,-16.541041217942375,57.36843372969043,-0.165448884907384,0.39374348006104076,-0.4419396726675719,3.087659577381903,-12.357719357809748,-7.2157,0.0,19.3605606646,-4.183321860132628,-0.5373613591364318,1.2788392724142588,-1.435375664779457,0.09046783493537064,-0.26209037997669754,-0.39227515717084926,-1.233535258257473,0.09826056397968408,-0.06390041592094328
68.0,10.558001045720422,-16.00665854202633,57.753361932705424,-0.18488910283221496,0.46225319581259305,-0.3739813841564218,2.995779417256656,-11.908204466887923,-7.2157,0.0,19.3605606646,-4.098454075138406,-0.6032798789266638,1.5082990167157366,-1.22027442774416,0.08487962588216388,-0.24398107919439416,-0.4022623560140897,-1.2343019310041383,0.0955339948141572,-0.08249980682853525
69.0,10.514692550438692,-15.334810091706013,58.06862623681637,-0.2064397370390408,0.5237288841355172,-0.2860028041444121,2.8635065349096185,-11.398031246794076,-7.2157,0.0,19.3605606646,-3.9367788449119363,-0.6763725051283822,1.7159284469725942,-0.9370503755113525,0.07789059002668285,-0.2238007274456768,-0.4088794233151837,-1.2309318447185644,0.09190234953608237,-0.10671298701904239
70.0,10.47759553782417,-14.523901254598579,58.293573639977105,-0.2299701241287024,0.5714530921798554,-0.17636061976344272,2.6860648809353695,-10.838282311945614,-7.2157,0.0,19.3605606646,-3.6856189426529653,-0.7561344344352329,1.878919543565835,-0.5798680936783227,0.07106878595073454,-0.20279231034190834,-0.40855827389021104,-1.2111321234988877,0.08834970538675244,-0.13547534360791155
71.0,10.445930905293025,-13.583247258888097,58.40680949086376,-0.25495215969019885,0.5967665790074189,-0.045635059292193136,2.459848992940034,-10.2473853298102,-7.2157,0.0,19.3605606646,-3.335861929077897,-0.8408156229404976,1.9680973226032346,-0.150501454285845,0.06463954108625372,-0.18210600190092652,-0.39912423153763166,-1.175042439544196,0.08484763187995983,-0.1683281765978153
72.0,10.4199317373071,-12.53769983649636,58.38799869208426,-0.2804575814541542,0.5897079719607045,0.10176603564848004,2.18328607244364,-9.65255652710437,-7.2157,0.0,19.3605606646,-2.8851433093919905,-0.9272386734073341,1.9496710867413551,0.3364551723057811,0.057697606001156795,-0.16284363141212344,-0.3798837716505642,-1.1317649012280275,0.08075604060404185,-0.20503050262185085
73.0,10.399587610947016,-11.430740306005333,58.222968234893145,-0.3049612964848951,0.5408128151600202,0.2560644551345087,1.8577270223894038,-9.090085699844737,-7.2157,0.0,19.3605606646,-2.340654606160596,-1.010224352823923,1.7915134887320887,0.8482471430019062,0.052114484505482145,-0.14715327686953175,-0.34847082097941334,-1.0768059174882427,0.07532404206317034,-0.24353527908105688
74.0,10.383149772112949,-10.32374854606293,57.910110853154876,-0.3263713303296885,0.4442314356702925,0.40152995530600455,1.4881895378125187,-8.603313374958722,-7.2157,0.0,19.3605606646,-1.7204351711042083,-1.0828594960707902,1.4739046719661535,1.3322264692207104,0.047883148645125856,-0.1364429533745125,-0.30488287905239436,-1.014359577295277,0.06891788798437634,-0.2795785126462043
75.0,10.37057312966523,-9.289436843776112,57.4653943853605,-0.34207875240089597,0.3015621334239813,0.5181733895061488,1.0837343067726104,-8.237345655574904,-7.2157,0.0,19.3605606646,-1.0520911882012083,-1.1363511806787947,1.0017590509765313,1.7213198388643995,0.04336444648967652,-0.1311323312777518,-0.2520938520829787,-0.9560086144685588,0.06285179784734964,-0.30773945496533706
76.0,10.361629980701737,-8.398886024991658,56.92548481670679,-0.3496496754490247,0.12458540394019689,0.5865434347845173,0.657187521965821,-8.030635040622819,-7.2157,0.0,19.3605606646,-0.36825098436883863,-1.1625035193934932,0.41421737446072276,1.9501199488845433,0.040241338544542336,-0.13333494123204398,-0.19249169064113986,-0.8939689322299575,0.05640543315974033,-0.3265794271628031
77.0,10.35513282977628,-7.705894570315216,56.34440362748772,-0.34764724914977363,-0.06575740982503801,0.5944764245880085,0.22391520510362567,-8.005708720874447,-7.2157,0.0,19.3605606646,0.29981415055923044,-1.1565711353089858,-0.2187652061747142,1.977735405592026,0.03785205774595632,-0.1400334281611989,-0.1335565664190464,-0.8431129662013545,0.050885735682122485,-0.33109156009901963
78.0,10.350816444648917,-7.235939888584668,55.78253728047418,-0.3360532391741594,-0.2449417860345522,0.5420936954624037,-0.1999278546452392,-8.163096601166055,-7.2157,0.0,19.3605606646,0.9271567125813869,-1.1184657897720518,-0.8152250186266862,1.8042178516588738,0.03579983885599223,-0.14863068504002436,-0.08224770902775647,-0.8115962827700065,0.04703181283314517,-0.3201455988188247
79.0,10.348254323894393,-6.983951867938495,55.294357974364246,-0.31633550645243735,-0.39242726431243374,0.4416409046606898,-0.5993248658369379,-8.481626607049584,-7.2157,0.0,19.3605606646,1.4976747391110896,-1.0531011179463627,-1.3064154428778716,1.470250796835367,0.03433594787381916,-0.15763387355455336,-0.042953011437414146,-0.7983970105587581,0.044796532410792456,-0.29690257963622746
80.0,10.34685108471345,-6.921422225306497,54.91835999058289,-0.2908496996062533,-0.49699684578611775,0.31233245835954676,-0.9620389024321845,-8.924946990158512,-7.2157,0.0,19.3605606646,2.003524764852015,-0.9683885531356248,-1.6547586504484741,1.03991572918094,0.03357655253925527,-0.16592617106618246,-0.017463159555182562,-0.8004691745921086,0.043965735291389786,-0.2660996390340422
81.0,10.345971328552425,-7.008011218004735,54.673265299327134,-0.26205505284132946,-0.5574937368286965,0.1736907387601476,-1.2795432777057238,-9.450881398079302,-7.2157,0.0,19.3605606646,2.442870180074567,-0.8725905266593216,-1.8563418188435858,0.5783551645628133,0.03348616715436658,-0.1729039933317605,-0.005115721098563827,-0.8139688307339782,0.044247790145708274,-0.23249302630286967
82.0,10.34505147562237,-7.20223532294243,54.56019463153456,-0.23195764198824786,-0.5799980574136807,0.0409054440285074,-1.547141920023158,-10.019668441223862,-7.2157,0.0,19.3605606646,2.817433118281432,-0.7724408897650648,-1.9314483958813966,0.13621899804972223,0.03392876073041197,-0.17842585567264493,-0.003654133101322763,-0.8352348190705742,0.045349048704681774,-0.19979747294818032
83.0,10.343658950343235,-7.468356964277209,54.56798805290143,-0.2019110094645449,-0.5739944239053189,-0.07669291729216092,-1.763453920273959,-10.598973663775912,-7.2157,0.0,19.3605606646,3.1306166994987024,-0.6724732814032656,-1.9117130599981809,-0.2554290520790297,0.03473624483323777,-0.18267031586559812,-0.010202458516281689,-0.8613112275004658,0.047019040189135095,-0.1703395372062163
84.0,10.34150062669212,-7.779339963527172,54.67886032255283,-0.17267575738177415,-0.5493598811413134,-0.1749431194333673,-1.929568831569717,-11.165665856557286,-7.2157,0.0,19.3605606646,3.386325893030114,-0.5752240469287572,-1.8300485189229088,-0.5827771695844552,0.03575786067022448,-0.1859890410684745,-0.021976614644156147,-0.8900866874365015,0.04906824706670219,-0.14521309564766924
85.0,10.338400652959812,-8.117082515691735,54.872829762910825,-0.14458586239367047,-0.5146907188878452,-0.25329265334637113,-2.048156534039663,-11.705410768735483,-7.2157,0.0,19.3605606646,3.5883282530437484,-0.48179434388973186,-1.7150713984575536,-0.8440311224816299,0.036882227409591566,-0.18879672916885482,-0.03665307192472783,-0.9202177021564858,0.0513684430772315,-0.12463483000839919
86.0,10.334267395728155,-8.471251148682317,55.130536800861854,-0.11771852024787173,-0.47670194820739553,-0.313261873765714,-2.1227113895459966,-12.211210119488943,-7.2157,0.0,19.3605606646,3.739958970806626,-0.39242288468513514,-1.5891191399337363,-1.0442802704805036,0.03803980197480955,-0.191504278442715,-0.05247924497757993,-0.9509709765448005,0.05384466982956068,-0.10829894858485584
87.0,10.32906161368187,-8.83763501592729,55.434692687253765,-0.09202523045071,-0.4402463512302018,-0.3572858800538158,-2.157003919021267,-12.681663424295612,-7.2157,0.0,19.3605606646,3.844028408368322,-0.3069271253864555,-1.4683315258562242,-1.1916376364286687,0.03919598268187996,-0.19448553450101586,-0.06823976102791526,-0.9820588513191639,0.05646455570476745,-0.09565014249785614
88.0,10.322615895391321,-9.216491224821413,55.770633516756426,-0.0674275972322574,-0.40859634646159065,-0.38796744695027474,-2.154743103308956,-13.119356865385981,-7.2157,0.0,19.3605606646,3.9028656405645687,-0.2250283017590871,-1.3636218065506336,-1.2947763127953036,0.041025682791767444,-0.19870018968633815,-0.08248100975692757,-1.0089603478991218,0.05882530532698024,-0.08712454720528427
89.0,10.314236589072511,-9.611026418364007,56.126399076685765,-0.043890700434869576,-0.383771867217212,-0.40766063973555755,-2.119436808358022,-13.529521934894833,-7.2157,0.0,19.3605606646,3.9184955165308253,-0.14659685347757026,-1.281814772373941,-1.3616043143482743,0.04339880036666846,-0.20432412905437408,-0.09489076798538869,-1.0326088834457121,0.06101312667328297,-0.08194916654555506
90.0,10.303802934648955,-10.026294282562118,56.49193673272694,-0.021385283802645268,-0.36685075542206874,-0.41824322934453245,-2.054352305415234,-13.918979651639013,-7.2157,0.0,19.3605606646,3.8926853690768954,-0.0715001084234371,-1.2265382601400499,-1.3983651805361352,0.04584040237333154,-0.21111226576359987,-0.10578915576531642,-1.0565687564287227,0.06335342973890529,-0.07886963878535841
91.0,10.291256377928901,-10.46818344491745,56.858752566160355,7.361877230506811e-05,-0.3582052556996441,-0.4210429070471651,-1.9625507857845021,-14.295338570672081,-7.2157,0.0,19.3605606646,3.827155125754631,0.0002464389781745964,-1.1990927643507197,-1.4094419199275583,0.0484042489993111,-0.21924252519507653,-0.11516150616413895,-1.0810281911836372,0.06587723537600718,-0.07755734107972405
92.0,10.276503138812494,-10.942563530420943,57.21940751587997,0.020422490716745244,-0.35766027230627234,-0.41685642349510454,-1.8469935161668543,-14.666376306152696,-7.2157,0.0,19.3605606646,3.723812775731753,0.06846247168792996,-1.1989872639084203,-1.3974309738853259,0.05114727257159603,-0.22884198462241795,-0.12311854091900326,-1.10614065388521,0.06861622486550778,-0.07781412205687264
93.0,10.259414622891033,-11.454543894896096,57.56703676813421,0.03955813226028479,-0.36459159215656745,-0.40602591140529304,-1.7106690707080332,-15.039544228559636,-7.2157,0.0,19.3605606646,3.5850003336635403,0.13283191161083902,-1.2242589671509325,-1.3633909108910485,0.054123793025324045,-0.2399799622143819,-0.12986242527643452,-1.1319907263537028,0.07159805282067272,-0.07955824091808117
94.0,10.23983108525855,-12.00781082721509,57.894974636484704,0.057351910024754094,-0.37798445215960674,-0.38855527724658717,-1.5567159011781002,-15.42155024401955,-7.2157,0.0,19.3605606646,3.413739416804459,0.19294979418138436,-1.2716581229200683,-1.3072216904451943,0.057394845665095756,-0.2526565295639535,-0.13565036585725238,-1.1584709715195536,0.0748263354809714,-0.08281351218607845
95.0,10.217143561525585,-12.604024029482966,58.19668147546453,0.07362352825694608,-0.39646716944136845,-0.36426189483538074,-1.3885347118658016,-15.817991249842246,-7.2157,0.0,19.3605606646,3.2139672203592795,0.24824262605086442,-1.3368016124083646,-1.2282123865160925,0.06208792819904441,-0.2666447461257954,-0.13978181456611233,-1.1782777617491618,0.07713314103534002,-0.0885965000283672
96.0,10.19074165075212,-13.242256342371524,58.46553927188857,0.08820564181303435,-0.4183483273217783,-0.33294946182600443,-1.2098840103207653,-16.233018131449356,-7.2157,0.0,19.3605606646,2.9907617890778315,0.2981808846301943,-1.414234642595575,-1.1255421197984459,0.06715134425447619,-0.28188933950813994,-0.14357868275965333,-1.197901039184351,0.07958292249444546,-0.09606232239191781
97.0,10.160446646310781,-13.918732607687769,58.694775062919014,0.10100902743359604,-0.44170918371208645,-0.2945468398427073,-1.0248359964373377,-16.66906777397513,-7.2157,0.0,19.3605606646,2.7503351662873605,0.3424811050359554,-1.497658706215102,-0.9986902137088288,0.07255635130230421,-0.2981261306180797,-0.14743077123423926,-1.217042167751931,0.08215762506946488,-0.10526378897295559
98.0,10.126131168810506,-14.62677222120306,58.87781677677917,0.11199957076576243,-0.4645072951160429,-0.2492324035951867,-0.8377029048742415,-17.126689476740246,-7.2157,0.0,19.3605606646,2.499917255537186,0.3810325136578052,-1.5802951838147512,-0.8479108319572327,0.07824506693083266,-0.31501162403296756,-0.1517318356291223,-1.2353373640922067,0.08482762027084786,-0.11620179550160162
99.0,10.08767741042281,-15.35697765962347,59.00869691596963,0.12123071724060279,-0.4847005423310781,-0.19751097564706233,-0.6529180399897092,-17.60447723212948,-7.2157,0.0,19.3605606646,2.24749957250601,0.4140098893947204,-1.6552802993137916,-0.6745113700811839,0.0844510586290686,-0.33212603313053923,-0.15673309119181678,-1.2434552700695765,0.08859421437140011,-0.1276624236826775
100.0,10.04478448987311,-16.09779877814535,59.08272090621479,0.12891854815585338,-0.5003847289418163,-0.1401985131423064,-0.4748140293870579,-18.099123819575528,-7.2157,0.0,19.3605606646,2.001325041430178,0.44214427780373944,-1.7161397468930002,-0.4808305028964807,0.09104349046415477,-0.34899938698033217,-0.16282105158704996,-1.2404083938433248,0.09351113270215727,-0.1392726059638644
