13.9255988156,0.5949041365,0,0,0,0,0,1.041520874,-1.5636673674
13.9246038949,0.5968055561,0,0,0,0,0,1.0439455407,-1.56854277
13.9233104954,0.5992771642,0,0,0,0,0,1.0470962345,-1.5748798748
13.9216290552,0.6024871463,0,0,0,0,0,1.0511862246,-1.5831082599
13.9194431479,0.6066548962,0,0,0,0,0,1.0564932617,-1.5937885929
13.9166014096,0.612064196,0,0,0,0,0,1.0633756835,-1.6076452029
13.9129070514,0.6190815816,0,0,0,0,0,1.0722947586,-1.6256121579
13.9081042216,0.6281796058,0,0,0,0,0,1.0838425328,-1.6488912093
13.9018602702,0.6399660897,0,0,0,0,0,1.0987760762,-1.6790239584
13.8937426829,0.6552205784,0,0,0,0,0,1.1180588565,-1.7179806307
13.8837906993,0.6738185815,0,0,0,0,0,1.141499433,-1.7654116824
13.8738379947,0.692306727,0,0,0,0,0,1.1647263507,-1.8124928392
13.8638845927,0.7106880162,0,0,0,0,0,1.1877442522,-1.8592332091
13.8539305157,0.7289653314,0,0,0,0,0,1.2105576006,-1.9056415376
13.8439757851,0.7471414427,0,0,0,0,0,1.2331706895,-1.9517262273
13.8340204212,0.765219014,0,0,0,0,0,1.2555876513,-1.9974953569
13.8240644436,0.7832006086,0,0,0,0,0,1.2778124666,-2.0429566977
13.8141078709,0.8010886945,0,0,0,0,0,1.299848971,-2.0881177304
13.8041507209,0.8188856493,0,0,0,0,0,1.3217008632,-2.1329856593
13.7941930106,0.8365937646,0,0,0,0,0,1.3433717115,-2.1775674269
13.7842347563,0.8542152506,0,0,0,0,0,1.3648649604,-2.2218697269
13.7742759737,0.87175224,0,0,0,0,0,1.3861839362,-2.2658990162
13.7643166776,0.8892067917,0,0,0,0,0,1.4073318532,-2.3096615267
13.7543568826,0.9065808944,0,0,0,0,0,1.4283118187,-2.3531632761
13.7443966023,0.9238764698,0,0,0,0,0,1.4491268379,-2.3964100779
13.73443585,0.9410953761,0,0,0,0,0,1.469779819,-2.4394075511
13.7244746384,0.9582394106,0,0,0,0,0,1.490273577,-2.4821611288
13.7145129798,0.9753103123,0,0,0,0,0,1.5106108383,-2.5246760675
13.7045508858,0.9923097651,0,0,0,0,0,1.5307942446,-2.566957454
13.6945883678,1.0092393999,0,0,0,0,0,1.5508263563,-2.6090102137
13.6846254367,1.0261007966,0,0,0,0,0,1.5707096565,-2.6508391176
13.674662103,1.0428954872,0,0,0,0,0,1.5904465536,-2.6924487885
13.6646983768,1.0596249568,0,0,0,0,0,1.6100393852,-2.7338437079
13.6547342678,1.0762906465,0,0,0,0,0,1.6294904203,-2.7750282217
13.6447697854,1.0928939545,0,0,0,0,0,1.6488018628,-2.816006546
13.6348049387,1.1094362385,0,0,0,0,0,1.6679758536,-2.8567827722
13.6248397365,1.1259188169,0,0,0,0,0,1.6870144735,-2.8973608724
13.6148741872,1.1423429707,0,0,0,0,0,1.7059197452,-2.9377447043
13.6049082989,1.1587099446,0,0,0,0,0,1.7246936361,-2.9779380154
13.5949420796,1.1750209489,0,0,0,0,0,1.7433380598,-3.0179444476
13.5849755369,1.1912771606,0,0,0,0,0,1.7618548787,-3.0577675411
13.5750086782,1.2074797246,0,0,0,0,0,1.7802459057,-3.0974107387
13.5650415106,1.2236297552,0,0,0,0,0,1.7985129061,-3.1368773894
13.5550740411,1.239728337,0,0,0,0,0,1.8166575991,-3.1761707516
13.5451062763,1.2557765262,0,0,0,0,0,1.8346816602,-3.215293997
13.5351382228,1.2717753515,0,0,0,0,0,1.8525867219,-3.2542502134
13.5251698867,1.2877258151,0,0,0,0,0,1.8703743758,-3.2930424081
13.5152012743,1.3036288939,0,0,0,0,0,1.8880461739,-3.3316735107
13.5052323914,1.3194855403,0,0,0,0,0,1.90560363,-3.3701463757
13.4952632437,1.3352966827,0,0,0,0,0,1.9230482211,-3.4084637854
13.4852938369,1.3510632271,0,0,0,0,0,1.9403813885,-3.4466284526
13.4753241762,1.3667860571,0,0,0,0,0,1.9576045391,-3.4846430226
13.465354267,1.3824660352,0,0,0,0,0,1.9747190467,-3.5225100758
13.4553841144,1.3981040034,0,0,0,0,0,1.9917262528,-3.5602321298
13.4454137232,1.4137007836,0,0,0,0,0,2.0086274679,-3.5978116417
13.4354430983,1.4292571788,0,0,0,0,0,2.0254239725,-3.6352510101
13.4254722443,1.4447739734,0,0,0,0,0,2.042117018,-3.6725525767
13.4155011659,1.4602519336,0,0,0,0,0,2.0587078278,-3.7097186287
13.4055298673,1.4756918087,0,0,0,0,0,2.0751975978,-3.7467514003
13.3955583529,1.4910943309,0,0,0,0,0,2.0915874977,-3.7836530745
13.385586627,1.5064602161,0,0,0,0,0,2.1078786716,-3.8204257844
13.3756146934,1.5217901648,0,0,0,0,0,2.1240722389,-3.8570716154
13.3656425563,1.5370848621,0,0,0,0,0,2.1401692949,-3.8935926062
13.3556702194,1.5523449782,0,0,0,0,0,2.1561709117,-3.9299907506
13.3456976865,1.5675711692,0,0,0,0,0,2.1720781387,-3.9662679986
13.3357249614,1.5827640773,0,0,0,0,0,2.1878920037,-4.0024262579
13.3257520474,1.5979243313,0,0,0,0,0,2.2036135129,-4.0384673953
13.3157789482,1.6130525468,0,0,0,0,0,2.219243652,-4.0743932377
13.3058056671,1.6281493271,0,0,0,0,0,2.2347833869,-4.1102055733
13.2958322073,1.643215263,0,0,0,0,0,2.2502336636,-4.1459061529
13.2858585722,1.6582509334,0,0,0,0,0,2.2655954097,-4.1814966912
13.2758847649,1.6732569057,0,0,0,0,0,2.2808695341,-4.2169788674
13.2659107884,1.6882337362,0,0,0,0,0,2.296056928,-4.2523543263
13.2559366458,1.7031819701,0,0,0,0,0,2.3111584653,-4.2876246797
13.2459623399,1.7181021423,0,0,0,0,0,2.3261750029,-4.322791507
13.2359878737,1.7329947771,0,0,0,0,0,2.3411073814,-4.357856356
13.2260132498,1.7478603891,0,0,0,0,0,2.3559564255,-4.3928207442
13.216038471,1.7626994831,0,0,0,0,0,2.3707229443,-4.4276861593
13.2060635401,1.7775125545,0,0,0,0,0,2.3854077317,-4.4624540602
13.1960884595,1.7923000893,0,0,0,0,0,2.4000115672,-4.4971258778
13.1861132318,1.8070625649,0,0,0,0,0,2.4145352157,-4.5317030155
13.1761378596,1.8218004498,0,0,0,0,0,2.4289794283,-4.5661868503
13.1661623452,1.8365142043,0,0,0,0,0,2.4433449424,-4.6005787334
13.156186691,1.8512042801,0,0,0,0,0,2.4576324824,-4.6348799907
13.1462108993,1.8658711213,0,0,0,0,0,2.4718427596,-4.6690919236
13.1362349724,1.8805151639,0,0,0,0,0,2.4859764729,-4.7032158098
13.1262589126,1.8951368364,0,0,0,0,0,2.5000343087,-4.7372529037
13.1162827219,1.9097365601,0,0,0,0,0,2.5140169418,-4.7712044371
13.1063064026,1.924314749,0,0,0,0,0,2.5279250352,-4.8050716198
13.0963299567,1.9388718098,0,0,0,0,0,2.5417592404,-4.8388556399
13.0863533863,1.9534081428,0,0,0,0,0,2.555520198,-4.8725576647
13.0763766933,1.9679241414,0,0,0,0,0,2.5692085379,-4.9061788413
13.0663998797,1.9824201927,0,0,0,0,0,2.5828248792,-4.9397202966
13.0564229475,1.9968966771,0,0,0,0,0,2.5963698308,-4.9731831383
13.0464458985,2.0113539692,0,0,0,0,0,2.6098439916,-5.0065684551
13.0364687345,2.0257924374,0,0,0,0,0,2.6232479507,-5.0398773173
13.0264914574,2.0402124444,0,0,0,0,0,2.6365822875,-5.073110777
13.0165140689,2.054614347,0,0,0,0,0,2.6498475722,-5.106269869
13.0065365707,2.0689984963,0,0,0,0,0,2.6630443657,-5.1393556108
12.9965589647,2.0833652383,0,0,0,0,0,2.6761732201,-5.1723690032
12.9865812523,2.0977149135,0,0,0,0,0,2.6892346788,-5.2053110307
12.9766034353,2.1120478571,0,0,0,0,0,2.7022292764,-5.2381826617
12.9666255153,2.1263643993,0,0,0,0,0,2.7151575395,-5.2709848491
12.9566474938,2.1406648654,0,0,0,0,0,2.7280199864,-5.3037185307
12.9466693724,2.1549495759,0,0,0,0,0,2.7408171273,-5.3363846294
12.9366911525,2.1692188464,0,0,0,0,0,2.7535494649,-5.3689840533
12.9267128358,2.183472988,0,0,0,0,0,2.7662174939,-5.4015176967
12.9167344236,2.1977123073,0,0,0,0,0,2.778821702,-5.4339864397
12.9067559174,2.2119371065,0,0,0,0,0,2.7913625692,-5.4663911492
12.8967773185,2.2261476834,0,0,0,0,0,2.8038405685,-5.4987326785
12.8867986284,2.2403443317,0,0,0,0,0,2.8162561661,-5.5310118681
12.8768198485,2.254527341,0,0,0,0,0,2.828609821,-5.5632295459
12.86684098,2.2686969966,0,0,0,0,0,2.8409019858,-5.5953865273
12.8568620242,2.2828535803,0,0,0,0,0,2.8531331064,-5.6274836157
12.8468829825,2.2969973697,0,0,0,0,0,2.8653036223,-5.6595216025
12.8369038561,2.3111286389,0,0,0,0,0,2.8774139669,-5.6915012676
12.8269246463,2.325247658,0,0,0,0,0,2.8894645671,-5.7234233796
12.8169453543,2.3393546939,0,0,0,0,0,2.901455844,-5.7552886959
12.8069659812,2.3534500097,0,0,0,0,0,2.9133882128,-5.7870979631
12.7969865283,2.3675338651,0,0,0,0,0,2.9252620828,-5.8188519171
12.7870069967,2.3816065165,0,0,0,0,0,2.9370778578,-5.8505512835
12.7770273875,2.3956682169,0,0,0,0,0,2.9488359358,-5.8821967776
12.7670477019,2.4097192162,0,0,0,0,0,2.9605367096,-5.9137891049
12.7570679411,2.423759761,0,0,0,0,0,2.9721805664,-5.9453289609
12.7470881059,2.4377900949,0,0,0,0,0,2.9837678884,-5.9768170316
12.7371081977,2.4518104585,0,0,0,0,0,2.9952990526,-6.0082539937
12.7271282173,2.4658210892,0,0,0,0,0,3.0067744309,-6.0396405148
12.7171481658,2.4798222218,0,0,0,0,0,3.0181943903,-6.0709772532
12.7071680443,2.4938140882,0,0,0,0,0,3.029559293,-6.1022648588
12.6971878537,2.5077969173,0,0,0,0,0,3.0408694963,-6.1335039724
12.687207595,2.5217709354,0,0,0,0,0,3.0521253531,-6.1646952268
12.6772272693,2.5357363662,0,0,0,0,0,3.0633272114,-6.1958392462
12.6672468774,2.5496934306,0,0,0,0,0,3.074475415,-6.2269366468
12.6572664202,2.5636423472,0,0,0,0,0,3.0855703032,-6.2579880368
12.6472858989,2.5775833318,0,0,0,0,0,3.096612211,-6.2889940165
12.6373053141,2.591516598,0,0,0,0,0,3.1076014689,-6.3199551787
12.6273246669,2.6054423566,0,0,0,0,0,3.1185384037,-6.3508721087
12.6173439581,2.6193608165,0,0,0,0,0,3.1294233378,-6.3817453842
12.6073631885,2.633272184,0,0,0,0,0,3.1402565895,-6.4125755758
12.5973823592,2.647176663,0,0,0,0,0,3.1510384735,-6.4433632473
12.5874014708,2.6610744556,0,0,0,0,0,3.1617693004,-6.474108955
12.5774205243,2.6749657613,0,0,0,0,0,3.172449377,-6.5048132489
12.5674395204,2.6888507776,0,0,0,0,0,3.1830790063,-6.5354766719
12.55745846,2.7027297,0,0,0,0,0,3.193658488,-6.5660997607
12.5474773438,2.7166027217,0,0,0,0,0,3.2041881176,-6.5966830452
12.5374961728,2.7304700341,0,0,0,0,0,3.2146681876,-6.6272270493
12.5275149475,2.7443318266,0,0,0,0,0,3.2250989867,-6.6577322905
12.5175336688,2.7581882864,0,0,0,0,0,3.2354808004,-6.6881992803
12.5075523375,2.7720395991,0,0,0,0,0,3.2458139106,-6.7186285242
12.4975709543,2.7858859482,0,0,0,0,0,3.256098596,-6.7490205218
12.4875895199,2.7997275155,0,0,0,0,0,3.2663351321,-6.7793757669
12.4776080351,2.813564481,0,0,0,0,0,3.2765237913,-6.8096947478
12.4676265006,2.8273970229,0,0,0,0,0,3.2866648425,-6.8399779472
12.457644917,2.8412253175,0,0,0,0,0,3.2967585519,-6.8702258421
12.4476632852,2.8550495396,0,0,0,0,0,3.3068051824,-6.9004389046
12.4376816056,2.8688698623,0,0,0,0,0,3.3168049942,-6.9306176011
12.4276998792,2.8826864569,0,0,0,0,0,3.3267582442,-6.9607623931
12.4177181064,2.8964994934,0,0,0,0,0,3.3366651867,-6.9908737369
12.407736288,2.9103091398,0,0,0,0,0,3.346526073,-7.0209520838
12.3977544247,2.9241155629,0,0,0,0,0,3.3563411517,-7.0509978804
12.387772517,2.9379189279,0,0,0,0,0,3.3661106686,-7.0810115683
12.3777905657,2.9517194525,0,0,0,0,0,3.3758349191,-7.1109936248
12.3678085605,2.9655167681,0,0,0,0,0,3.3855136283,-7.1409441082
12.3578264607,2.9793092447,0,0,0,0,0,3.3951452995,-7.170862206
12.3478442455,2.9931034051,0,0,0,0,0,3.4047362784,-7.2007530984
12.3378591714,3.0045883152,0,0,0,0,0,3.4120716796,-7.2289247282
12.3278714236,3.0137625234,0,0,0,0,0,3.4171617676,-7.2553954233
12.3178837078,3.0229373181,0,0,0,0,0,3.4222256994,-7.2818645162
12.3078960205,3.0321182647,0,0,0,0,0,3.4272688176,-7.308336217
12.2979083505,3.0413026369,0,0,0,0,0,3.4322885359,-7.3348086827
12.2879206866,3.0504862293,0,0,0,0,0,3.4372808817,-7.3612790458
12.2779330278,3.0596738208,0,0,0,0,0,3.4422504315,-7.3877509027
12.2679453684,3.0688643793,0,0,0,0,0,3.4471962287,-7.4142236578
12.257957707,3.0780578046,0,0,0,0,0,3.4521182059,-7.440697381
12.2479700437,3.0872541551,0,0,0,0,0,3.4570164464,-7.4671722526
12.2379823789,3.0964534895,0,0,0,0,0,3.4618910332,-7.4936484519
12.2279947126,3.1056558658,0,0,0,0,0,3.4667420486,-7.5201261577
12.2180070451,3.114861342,0,0,0,0,0,3.4715695741,-7.5466055477
12.2080193765,3.1240699759,0,0,0,0,0,3.476373691,-7.573086799
12.1980317071,3.1332818249,0,0,0,0,0,3.4811544799,-7.599570088
12.188044037,3.1424969464,0,0,0,0,0,3.4859120205,-7.62605559
12.1780563664,3.1517153976,0,0,0,0,0,3.4906463925,-7.6525434799
12.1680686955,3.1609372353,0,0,0,0,0,3.4953576747,-7.6790339317
12.1580810245,3.1701625162,0,0,0,0,0,3.5000459454,-7.7055271186
12.1480933535,3.1793912969,0,0,0,0,0,3.5047112823,-7.7320232133
12.1381056828,3.1886236338,0,0,0,0,0,3.5093537627,-7.7585223877
12.1281180126,3.1978595829,0,0,0,0,0,3.5139734634,-7.7850248128
12.1181303429,3.2070992002,0,0,0,0,0,3.5185704605,-7.8115306593
12.108142674,3.2163425415,0,0,0,0,0,3.5231448296,-7.8380400968
12.0981550061,3.2255896624,0,0,0,0,0,3.5276966459,-7.8645532947
12.0881673393,3.2348406183,0,0,0,0,0,3.5322259841,-7.8910704212
12.0781796739,3.2440954645,0,0,0,0,0,3.5367329183,-7.9175916444
12.0681920099,3.253354256,0,0,0,0,0,3.5412175221,-7.9441171315
12.0582043477,3.2626170478,0,0,0,0,0,3.5456798686,-7.970647049
12.0482166873,3.2718838945,0,0,0,0,0,3.5501200306,-7.9971815629
12.0382290289,3.2811548509,0,0,0,0,0,3.5545380801,-8.0237208386
12.0282413727,3.2904299712,0,0,0,0,0,3.558934089,-8.0502650409
12.0182537189,3.2997093098,0,0,0,0,0,3.5633081282,-8.076814334
12.0082660677,3.3089929208,0,0,0,0,0,3.5676602688,-8.1033688816
11.9982784191,3.3182808581,0,0,0,0,0,3.5719905808,-8.1299288467
11.9882907735,3.3275731757,0,0,0,0,0,3.5762991341,-8.1564943917
11.9783031309,3.336869927,0,0,0,0,0,3.5805859981,-8.1830656788
11.9683154916,3.3461711658,0,0,0,0,0,3.5848512417,-8.2096428692
11.9583278557,3.3554769453,0,0,0,0,0,3.5890949333,-8.2362261238
11.9483402233,3.3647873188,0,0,0,0,0,3.593317141,-8.2628156032
11.9383525947,3.3741023395,0,0,0,0,0,3.5975179323,-8.289411467
11.9283649701,3.3834220603,0,0,0,0,0,3.6016973744,-8.3160138747
11.9183773495,3.3927465341,0,0,0,0,0,3.6058555341,-8.3426229851
11.9083897331,3.4020758136,0,0,0,0,0,3.6099924775,-8.3692389566
11.8984021212,3.4114099514,0,0,0,0,0,3.6141082706,-8.395861947
11.8884145139,3.420749,0,0,0,0,0,3.6182029788,-8.4224921139
11.8784269113,3.4300930118,0,0,0,0,0,3.6222766671,-8.4491296141
11.8684393136,3.439442039,0,0,0,0,0,3.6263294002,-8.4757746042
11.858451721,3.4487961338,0,0,0,0,0,3.6303612423,-8.5024272402
11.8484641337,3.458155348,0,0,0,0,0,3.6343722573,-8.5290876778
11.8384765518,3.4675197338,0,0,0,0,0,3.6383625085,-8.555756072
11.8284889754,3.4768893428,0,0,0,0,0,3.6423320589,-8.5824325778
11.8185014049,3.4862642267,0,0,0,0,0,3.6462809712,-8.6091173494
11.8085138402,3.4956444372,0,0,0,0,0,3.6502093077,-8.6358105408
11.7985262815,3.5050300256,0,0,0,0,0,3.6541171302,-8.6625123055
11.7885387291,3.5144210435,0,0,0,0,0,3.6580045002,-8.6892227966
11.7785511831,3.5238175421,0,0,0,0,0,3.6618714788,-8.715942167
11.7685636437,3.5332195725,0,0,0,0,0,3.6657181268,-8.7426705691
11.758576111,3.5426271859,0,0,0,0,0,3.6695445045,-8.7694081547
11.7485885851,3.5520404333,0,0,0,0,0,3.6733506719,-8.7961550756
11.7386010663,3.5614593656,0,0,0,0,0,3.6771366886,-8.822911483
11.7286135547,3.5708840336,0,0,0,0,0,3.680902614,-8.849677528
11.7186260505,3.5803144881,0,0,0,0,0,3.6846485069,-8.876453361
11.7086385537,3.5897507797,0,0,0,0,0,3.6883744259,-8.9032391323
11.6986510647,3.599192959,0,0,0,0,0,3.6920804293,-8.9300349919
11.6886635835,3.6086410765,0,0,0,0,0,3.6957665749,-8.9568410893
11.6786761103,3.6180951827,0,0,0,0,0,3.6994329202,-8.9836575739
11.6686886453,3.6275553278,0,0,0,0,0,3.7030795225,-9.0104845946
11.6587011885,3.6370215622,0,0,0,0,0,3.7067064386,-9.0373223
11.6487137403,3.646493936,0,0,0,0,0,3.710313725,-9.0641708386
11.6387263007,3.6559724995,0,0,0,0,0,3.7139014379,-9.0910303585
11.6287388699,3.6654573025,0,0,0,0,0,3.7174696332,-9.1179010073
11.618751448,3.6749483953,0,0,0,0,0,3.7210183663,-9.1447829327
11.6087640352,3.6844458276,0,0,0,0,0,3.7245476926,-9.1716762818
11.5987766317,3.6939496493,0,0,0,0,0,3.7280576669,-9.1985812017
11.5887892377,3.7034599103,0,0,0,0,0,3.7315483437,-9.225497839
11.5788018532,3.7129766604,0,0,0,0,0,3.7350197774,-9.2524263402
11.5688144784,3.7224999491,0,0,0,0,0,3.7384720219,-9.2793668516
11.5588271136,3.7320298262,0,0,0,0,0,3.7419051308,-9.306319519
11.5488397588,3.7415663412,0,0,0,0,0,3.7453191575,-9.3332844883
11.5388524142,3.7511095437,0,0,0,0,0,3.748714155,-9.3602619048
11.52886508,3.7606594831,0,0,0,0,0,3.752090176,-9.387251914
11.5188777563,3.7702162089,0,0,0,0,0,3.7554472731,-9.4142546608
11.5088904433,3.7797797704,0,0,0,0,0,3.7587854982,-9.4412702901
11.4989031411,3.7893502171,0,0,0,0,0,3.7621049033,-9.4682989465
11.4889158499,3.7989275981,0,0,0,0,0,3.7654055399,-9.4953407744
11.4789285698,3.8085119628,0,0,0,0,0,3.7686874593,-9.5223959181
11.4689413011,3.8181033603,0,0,0,0,0,3.7719507125,-9.5494645216
11.4589540438,3.8277018399,0,0,0,0,0,3.7751953502,-9.5765467288
11.4489667981,3.8373074507,0,0,0,0,0,3.7784214227,-9.6036426833
11.4389795642,3.8469202418,0,0,0,0,0,3.7816289803,-9.6307525287
11.4289923423,3.8565402621,0,0,0,0,0,3.7848180728,-9.6578764082
11.4190051324,3.8661675609,0,0,0,0,0,3.7879887498,-9.685014465
11.4090179347,3.8758021871,0,0,0,0,0,3.7911410606,-9.7121668422
11.3990307495,3.8854441895,0,0,0,0,0,3.7942750543,-9.7393336825
11.3890435768,3.8950936173,0,0,0,0,0,3.7973907796,-9.7665151287
11.3790564168,3.9047505194,0,0,0,0,0,3.8004882851,-9.7937113233
11.3690692696,3.9144149445,0,0,0,0,0,3.8035676191,-9.8209224087
11.3590821355,3.9240869416,0,0,0,0,0,3.8066288295,-9.8481485273
11.3490950145,3.9337665595,0,0,0,0,0,3.809671964,-9.8753898211
11.3391079069,3.9434538471,0,0,0,0,0,3.8126970702,-9.9026464322
11.3291208128,3.9531488531,0,0,0,0,0,3.8157041953,-9.9299185025
11.3191337322,3.9628516264,0,0,0,0,0,3.8186933863,-9.9572061738
11.3091466655,3.9725622156,0,0,0,0,0,3.8216646899,-9.9845095877
11.2991596128,3.9822806697,0,0,0,0,0,3.8246181525,-10.0118288859
11.2891725741,3.9920070373,0,0,0,0,0,3.8275538205,-10.0391642098
11.2791855497,4.0017413671,0,0,0,0,0,3.8304717397,-10.0665157009
11.2691985397,4.0114837079,0,0,0,0,0,3.8333719561,-10.0938835003
11.2592115443,4.0212341084,0,0,0,0,0,3.836254515,-10.1212677494
11.2492245637,4.0309926172,0,0,0,0,0,3.8391194617,-10.1486685892
11.2392375979,4.0407592831,0,0,0,0,0,3.8419668413,-10.1760861609
11.2292506471,4.0505341548,0,0,0,0,0,3.8447966986,-10.2035206052
11.2192637116,4.060317281,0,0,0,0,0,3.8476090782,-10.2309720633
11.2092767914,4.0701087102,0,0,0,0,0,3.8504040244,-10.2584406759
11.1992898867,4.0799084913,0,0,0,0,0,3.8531815812,-10.2859265839
11.1893029977,4.0897166729,0,0,0,0,0,3.8559417927,-10.3134299279
11.1793161246,4.0995333036,0,0,0,0,0,3.8586847024,-10.3409508487
11.1693292674,4.1093584322,0,0,0,0,0,3.8614103538,-10.3684894869
11.1593424263,4.1191921074,0,0,0,0,0,3.8641187901,-10.3960459831
11.1493556016,4.1290343778,0,0,0,0,0,3.8668100543,-10.4236204779
11.1393687933,4.1388852921,0,0,0,0,0,3.8694841891,-10.4512131119
11.1293820016,4.1487448991,0,0,0,0,0,3.8721412373,-10.4788240255
11.1193952267,4.1586132474,0,0,0,0,0,3.874781241,-10.5064533592
11.1094084687,4.1684903858,0,0,0,0,0,3.8774042424,-10.5341012535
11.0994217278,4.178376363,0,0,0,0,0,3.8800102834,-10.5617678489
11.0894350041,4.1882712278,0,0,0,0,0,3.8825994059,-10.5894532858
11.0794482979,4.198175029,0,0,0,0,0,3.8851716511,-10.6171577047
11.0694616092,4.2080878152,0,0,0,0,0,3.8877270606,-10.644881246
11.0594749383,4.2180096354,0,0,0,0,0,3.8902656753,-10.6726240501
11.0494882852,4.2279405382,0,0,0,0,0,3.8927875361,-10.7003862576
11.0395016502,4.2378805727,0,0,0,0,0,3.8952926838,-10.7281680088
11.0295150333,4.2478297875,0,0,0,0,0,3.8977811588,-10.7559694443
11.0195284349,4.2577882315,0,0,0,0,0,3.9002530014,-10.7837907046
11.0095418549,4.2677559538,0,0,0,0,0,3.9027082517,-10.8116319301
10.9995552936,4.277733003,0,0,0,0,0,3.9051469496,-10.8394932615
10.9895687512,4.2877194284,0,0,0,0,0,3.9075691347,-10.8673748394
10.9795822278,4.2977152786,0,0,0,0,0,3.9099748467,-10.8952768043
10.9695957235,4.3077206029,0,0,0,0,0,3.9123641249,-10.923199297
10.9596092386,4.3177354501,0,0,0,0,0,3.9147370082,-10.9511424581
10.9496227732,4.3277598694,0,0,0,0,0,3.9170935358,-10.9791064284
10.9396363274,4.3377939098,0,0,0,0,0,3.9194337463,-11.0070913487
10.9296499014,4.3478376205,0,0,0,0,0,3.9217576783,-11.0350973599
10.9196634954,4.3578910505,0,0,0,0,0,3.9240653702,-11.0631246029
10.9096771096,4.3679542491,0,0,0,0,0,3.9263568601,-11.0911732187
10.899690744,4.3780272654,0,0,0,0,0,3.9286321862,-11.1192433484
10.8897043989,4.3881101487,0,0,0,0,0,3.9308913862,-11.147335133
10.8797180745,4.3982029484,0,0,0,0,0,3.9331344978,-11.1754487139
10.8697317708,4.4083057137,0,0,0,0,0,3.9353615585,-11.2035842323
10.8597454881,4.4184184939,0,0,0,0,0,3.9375726056,-11.2317418296
10.8497592265,4.4285413386,0,0,0,0,0,3.9397676761,-11.2599216473
10.8397729863,4.438674297,0,0,0,0,0,3.9419468072,-11.2881238268
10.8297867674,4.4488174189,0,0,0,0,0,3.9441100354,-11.3163485099
10.8198005702,4.4589707535,0,0,0,0,0,3.9462573975,-11.3445958383
10.8098143948,4.4691343506,0,0,0,0,0,3.9483889299,-11.3728659539
10.7998282414,4.4793082597,0,0,0,0,0,3.9505046688,-11.4011589986
10.78984211,4.4894925306,0,0,0,0,0,3.9526046504,-11.4294751145
10.779856001,4.4996872129,0,0,0,0,0,3.9546889105,-11.4578144438
10.7698699144,4.5098923564,0,0,0,0,0,3.956757485,-11.4861771288
10.7598838504,4.5201080109,0,0,0,0,0,3.9588104095,-11.5145633119
10.7498978093,4.5303342263,0,0,0,0,0,3.9608477194,-11.5429731357
10.7399117911,4.5405710525,0,0,0,0,0,3.9628694499,-11.5714067429
10.7299257961,4.5508185395,0,0,0,0,0,3.9648756363,-11.5998642764
10.7199398243,4.5610767372,0,0,0,0,0,3.9668663134,-11.6283458789
10.709953876,4.5713456959,0,0,0,0,0,3.9688415161,-11.6568516938
10.6999679514,4.5816254656,0,0,0,0,0,3.970801279,-11.6853818641
10.6899820506,4.5919160965,0,0,0,0,0,3.9727456365,-11.7139365334
10.6799961738,4.6022176389,0,0,0,0,0,3.9746746231,-11.7425158452
10.6700103212,4.612530143,0,0,0,0,0,3.9765882729,-11.7711199431
10.6600244929,4.6228536594,0,0,0,0,0,3.9784866199,-11.799748971
10.6500386891,4.6331882383,0,0,0,0,0,3.980369698,-11.828403073
10.64005291,4.6435339303,0,0,0,0,0,3.9822375409,-11.8570823933
10.6300671558,4.653890786,0,0,0,0,0,3.9840901822,-11.8857870762
10.6200814266,4.664258856,0,0,0,0,0,3.9859276553,-11.9145172663
10.6100957226,4.674638191,0,0,0,0,0,3.9877499935,-11.9432731083
10.600110044,4.6850288417,0,0,0,0,0,3.9895572298,-11.9720547472
10.5901243909,4.695430859,0,0,0,0,0,3.9913493974,-12.0008623279
10.5801387636,4.7058442937,0,0,0,0,0,3.9931265289,-12.0296959958
10.5701531623,4.7162691969,0,0,0,0,0,3.9948886572,-12.0585558964
10.560167587,4.7267056196,0,0,0,0,0,3.9966358147,-12.0874421753
10.550182038,4.7371536129,0,0,0,0,0,3.9983680339,-12.1163549784
10.5401965154,4.7476132279,0,0,0,0,0,4.000085347,-12.1452944519
10.5302110195,4.7580845159,0,0,0,0,0,4.0017877862,-12.1742607419
10.5202255504,4.7685675283,0,0,0,0,0,4.0034753833,-12.203253995
10.5102401083,4.7790623165,0,0,0,0,0,4.0051481704,-12.2322743579
10.5002546934,4.7895689319,0,0,0,0,0,4.006806179,-12.2613219775
10.4902693059,4.8000874261,0,0,0,0,0,4.0084494408,-12.290397001
10.4802839459,4.8106178507,0,0,0,0,0,4.0100779872,-12.3194995758
10.4702986136,4.8211602575,0,0,0,0,0,4.0116918495,-12.3486298495
10.4603133092,4.8317146983,0,0,0,0,0,4.0132910589,-12.3777879699
10.4503280329,4.842281225,0,0,0,0,0,4.0148756464,-12.4069740852
10.440342785,4.8528598894,0,0,0,0,0,4.0164456428,-12.4361883436
10.4303575654,4.8634507437,0,0,0,0,0,4.018001079,-12.4654308937
10.4203723746,4.8740538401,0,0,0,0,0,4.0195419857,-12.4947018844
10.4103872126,4.8846692306,0,0,0,0,0,4.0210683933,-12.5240014647
10.4004020796,4.8952969677,0,0,0,0,0,4.0225803321,-12.553329784
10.3904169758,4.9059371037,0,0,0,0,0,4.0240778326,-12.5826869918
10.3804319014,4.916589691,0,0,0,0,0,4.0255609247,-12.612073238
10.3704468567,4.9272547824,0,0,0,0,0,4.0270296385,-12.6414886728
10.3604618417,4.9379324304,0,0,0,0,0,4.0284840039,-12.6709334464
10.3504768567,4.9486226879,0,0,0,0,0,4.0299240506,-12.7004077096
10.3404919019,4.9593256075,0,0,0,0,0,4.0313498082,-12.7299116133
10.3305069774,4.9700412424,0,0,0,0,0,4.0327613063,-12.7594453088
10.3205220836,4.9807696454,0,0,0,0,0,4.0341585743,-12.7890089475
10.3105372204,4.9915108699,0,0,0,0,0,4.0355416413,-12.8186026812
10.3005523882,5.0022649689,0,0,0,0,0,4.0369105365,-12.8482266621
10.2905675872,5.0130319958,0,0,0,0,0,4.038265289,-12.8778810426
10.2805828175,5.0238120041,0,0,0,0,0,4.0396059276,-12.9075659752
10.2705980793,5.0346050472,0,0,0,0,0,4.0409324812,-12.937281613
10.2606133729,5.0454111788,0,0,0,0,0,4.0422449784,-12.9670281094
10.2506286984,5.0562304526,0,0,0,0,0,4.0435434477,-12.9968056178
10.240644056,5.0670629224,0,0,0,0,0,4.0448279175,-13.0266142923
10.230659446,5.0779086422,0,0,0,0,0,4.0460984163,-13.0564542871
10.2206748685,5.088767666,0,0,0,0,0,4.0473549722,-13.0863257568
10.2106903238,5.099640048,0,0,0,0,0,4.0485976132,-13.1162288561
10.200705812,5.1105258423,0,0,0,0,0,4.0498263673,-13.1461637405
10.1907213333,5.1214251034,0,0,0,0,0,4.0510412625,-13.1761305653
10.180736888,5.1323378857,0,0,0,0,0,4.0522423264,-13.2061294866
10.1707524762,5.1432642437,0,0,0,0,0,4.0534295867,-13.2361606605
10.1607680982,5.1542042323,0,0,0,0,0,4.054603071,-13.2662242436
10.1507837542,5.165157906,0,0,0,0,0,4.0557628065,-13.2963203929
10.1407994444,5.17612532,0,0,0,0,0,4.0569088207,-13.3264492656
10.1308151689,5.1871065291,0,0,0,0,0,4.0580411407,-13.3566110194
10.120830928,5.1981015885,0,0,0,0,0,4.0591597937,-13.3868058122
10.1108467219,5.2091105534,0,0,0,0,0,4.0602648065,-13.4170338024
10.1008625509,5.2201334793,0,0,0,0,0,4.0613562062,-13.4472951488
10.0908784151,5.2311704215,0,0,0,0,0,4.0624340193,-13.4775900104
10.0808943147,5.2422214358,0,0,0,0,0,4.0634982727,-13.5079185467
10.07091025,5.2532865777,0,0,0,0,0,4.0645489929,-13.5382809175
10.0609262211,5.2643659032,0,0,0,0,0,4.0655862063,-13.5686772832
10.0509422283,5.2754594682,0,0,0,0,0,4.0666099393,-13.5991078042
10.0409582719,5.2865673288,0,0,0,0,0,4.0676202181,-13.6295726417
10.0309743519,5.2976895411,0,0,0,0,0,4.0686170688,-13.660071957
10.0209904687,5.3088261616,0,0,0,0,0,4.0696005176,-13.6906059119
10.0110066225,5.3199772466,0,0,0,0,0,4.0705705904,-13.7211746686
10.0010228134,5.3311428527,0,0,0,0,0,4.0715273129,-13.7517783898
9.9910390417,5.3423230366,0,0,0,0,0,4.072470711,-13.7824172384
9.9810553077,5.3535178552,0,0,0,0,0,4.0734008103,-13.8130913779
9.9710716115,5.3647273654,0,0,0,0,0,4.0743176363,-13.8438009722
9.9610879534,5.3759516243,0,0,0,0,0,4.0752212144,-13.8745461854
9.9511043336,5.3871906891,0,0,0,0,0,4.0761115701,-13.9053271824
9.9411207523,5.3984446172,0,0,0,0,0,4.0769887286,-13.9361441282
9.9311372097,5.409713466,0,0,0,0,0,4.077852715,-13.9669971884
9.9211537062,5.4209972931,0,0,0,0,0,4.0787035544,-13.9978865289
9.9111702419,5.4322961564,0,0,0,0,0,4.0795412717,-14.0288123163
9.901186817,5.4436101137,0,0,0,0,0,4.0803658919,-14.0597747174
9.8912034317,5.4549392229,0,0,0,0,0,4.0811774396,-14.0907738996
9.8812200864,5.4662835424,0,0,0,0,0,4.0819759397,-14.1218100306
9.8712367813,5.4776431302,0,0,0,0,0,4.0827614165,-14.1528832786
9.8612535165,5.489018045,0,0,0,0,0,4.0835338948,-14.1839938125
9.8512702923,5.5004083453,0,0,0,0,0,4.0842933988,-14.2151418012
9.841287109,5.5118140897,0,0,0,0,0,4.0850399528,-14.2463274146
9.8313039668,5.5232353372,0,0,0,0,0,4.0857735812,-14.2775508226
9.8213208659,5.5346721467,0,0,0,0,0,4.0864943079,-14.308812196
9.8113378066,5.5461245775,0,0,0,0,0,4.0872021571,-14.3401117057
9.8013547891,5.5575926887,0,0,0,0,0,4.0878971527,-14.3714495233
9.7913718137,5.5690765398,0,0,0,0,0,4.0885793185,-14.4028258209
9.7813888806,5.5805761904,0,0,0,0,0,4.0892486784,-14.434240771
9.77140599,5.5920917003,0,0,0,0,0,4.089905256,-14.4656945467
9.7614231422,5.6036231293,0,0,0,0,0,4.0905490749,-14.4971873215
9.7514403375,5.6151705374,0,0,0,0,0,4.0911801586,-14.5287192694
9.7414575761,5.6267339849,0,0,0,0,0,4.0917985305,-14.560290565
9.7314748582,5.638313532,0,0,0,0,0,4.092404214,-14.5919013834
9.7214921841,5.6499092393,0,0,0,0,0,4.0929972323,-14.6235519002
9.711509554,5.6615211674,0,0,0,0,0,4.0935776086,-14.6552422915
9.7015269683,5.6731493771,0,0,0,0,0,4.0941453659,-14.686972734
9.6915444271,5.6847939293,0,0,0,0,0,4.0947005273,-14.7187434048
9.6815619308,5.6964548852,0,0,0,0,0,4.0952431156,-14.7505544816
9.6715794795,5.708132306,0,0,0,0,0,4.0957731537,-14.7824061428
9.6615970736,5.7198262532,0,0,0,0,0,4.0962906644,-14.8142985671
9.6516147133,5.7315367883,0,0,0,0,0,4.0967956702,-14.8462319339
9.6416323988,5.7432639731,0,0,0,0,0,4.0972881939,-14.878206423
9.6316501305,5.7550078694,0,0,0,0,0,4.0977682577,-14.910222215
9.6216679085,5.7667685395,0,0,0,0,0,4.0982358843,-14.9422794909
9.6116857332,5.7785460455,0,0,0,0,0,4.0986910959,-14.9743784323
9.6017036049,5.7903404498,0,0,0,0,0,4.0991339147,-15.0065192213
9.5917215237,5.8021518149,0,0,0,0,0,4.099564363,-15.0387020407
9.58173949,5.8139802037,0,0,0,0,0,4.0999824629,-15.0709270738
9.571757504,5.825825679,0,0,0,0,0,4.1003882363,-15.1031945046
9.5617755661,5.837688304,0,0,0,0,0,4.1007817051,-15.1355045175
9.5517936764,5.8495681417,0,0,0,0,0,4.1011628914,-15.1678572977
9.5418118353,5.8614652558,0,0,0,0,0,4.1015318168,-15.2002530308
9.531830043,5.8733797097,0,0,0,0,0,4.101888503,-15.2326919032
9.5218482999,5.8853115672,0,0,0,0,0,4.1022329717,-15.2651741017
9.5118666062,5.8972608922,0,0,0,0,0,4.1025652444,-15.2976998139
9.5018849621,5.9092277489,0,0,0,0,0,4.1028853425,-15.3302692279
9.491903368,5.9212122016,0,0,0,0,0,4.1031932876,-15.3628825326
9.4819218242,5.9332143147,0,0,0,0,0,4.1034891009,-15.3955399171
9.4719403309,5.9452341282,0,0,0,0,0,4.1037727835,-15.4282415838
9.4619588885,5.9572711162,0,0,0,0,0,4.1040438726,-15.4609880183
9.4519774961,5.9693271069,0,0,0,0,0,4.1043038327,-15.4937785377
9.4419961529,5.9814001015,0,0,0,0,0,4.104550994,-15.5266143733
9.4320148578,5.9934907095,0,0,0,0,0,4.1047858227,-15.5594954611
9.4220337318,6.0049802004,0,0,0,0,0,4.1045042702,-15.592751068
9.4120528238,6.0157623795,0,0,0,0,0,4.1036219962,-15.6264547555
9.4020719963,6.0265644899,0,0,0,0,0,4.1027321781,-15.6602263089
9.3920912485,6.0373871102,0,0,0,0,0,4.1018352411,-15.6940656763
9.3821105801,6.0482301986,0,0,0,0,0,4.1009311054,-15.7279731379
9.3721299907,6.059093724,0,0,0,0,0,4.1000197004,-15.7619489726
9.3621494797,6.0699776713,0,0,0,0,0,4.0991009684,-15.795993454
9.3521690475,6.0808820846,0,0,0,0,0,4.0981749003,-15.8301068223
9.3421886943,6.0918070227,0,0,0,0,0,4.097241499,-15.8642893096
9.3322084206,6.1027525447,0,0,0,0,0,4.0963007674,-15.8985411487
9.3222282268,6.11371871,0,0,0,0,0,4.0953527085,-15.9328625735
9.3122481135,6.1247055781,0,0,0,0,0,4.0943973252,-15.9672538192
9.3022680809,6.1357132087,0,0,0,0,0,4.0934346204,-16.0017151217
9.2922881296,6.1467416618,0,0,0,0,0,4.0924645971,-16.0362467182
9.2823082599,6.1577909975,0,0,0,0,0,4.0914872582,-16.0708488469
9.2723284723,6.1688612762,0,0,0,0,0,4.0905026067,-16.1055217471
9.2623487673,6.1799525585,0,0,0,0,0,4.0895106453,-16.1402656591
9.2523691453,6.1910649051,0,0,0,0,0,4.0885113772,-16.1750808245
9.2423896068,6.2021983771,0,0,0,0,0,4.0875048051,-16.2099674858
9.2324101521,6.2133530357,0,0,0,0,0,4.086490932,-16.2449258866
9.2224307818,6.2245289424,0,0,0,0,0,4.0854697608,-16.2799562718
9.2124514964,6.2357261587,0,0,0,0,0,4.0844412944,-16.3150588871
9.2024722962,6.2469447467,0,0,0,0,0,4.0834055357,-16.3502339797
9.1924931817,6.2581847683,0,0,0,0,0,4.0823624876,-16.3854817976
9.1825141535,6.2694462859,0,0,0,0,0,4.0813121531,-16.4208025901
9.172535212,6.2807293621,0,0,0,0,0,4.0802545349,-16.4561966076
9.1625563576,6.2920340596,0,0,0,0,0,4.0791896361,-16.4916641018
9.1525775909,6.3033604413,0,0,0,0,0,4.0781174594,-16.5272053252
9.1425989122,6.3147085705,0,0,0,0,0,4.0770380078,-16.5628205319
9.1326203222,6.3260785106,0,0,0,0,0,4.0759512842,-16.5985099767
9.1226418213,6.3374703253,0,0,0,0,0,4.0748572913,-16.634273916
9.1126634099,6.3488840785,0,0,0,0,0,4.0737560322,-16.6701126071
9.1026850887,6.3603198342,0,0,0,0,0,4.0726475097,-16.7060263087
9.0927068579,6.3717776568,0,0,0,0,0,4.0715317266,-16.7420152805
9.0827287183,6.3832576109,0,0,0,0,0,4.0704086858,-16.7780797835
9.0727506702,6.3947597612,0,0,0,0,0,4.0692783902,-16.8142200799
9.0627727142,6.4062841728,0,0,0,0,0,4.0681408426,-16.8504364331
9.0527948508,6.417830911,0,0,0,0,0,4.0669960459,-16.8867291077
9.0428170805,6.4294000412,0,0,0,0,0,4.065844003,-16.9230983697
9.0328394038,6.4409916291,0,0,0,0,0,4.0646847167,-16.9595444861
9.0228618213,6.4526057408,0,0,0,0,0,4.0635181899,-16.9960677252
9.0128843334,6.4642424423,0,0,0,0,0,4.0623444253,-17.0326683567
9.0029069407,6.4759018002,0,0,0,0,0,4.0611634259,-17.0693466515
8.9929296438,6.4875838811,0,0,0,0,0,4.0599751945,-17.1061028816
8.9829524431,6.4992887519,0,0,0,0,0,4.0587797339,-17.1429373204
8.9729753392,6.5110164798,0,0,0,0,0,4.057577047,-17.1798502428
8.9629983326,6.5227671321,0,0,0,0,0,4.0563671366,-17.2168419245
8.9530214239,6.5345407765,0,0,0,0,0,4.0551500055,-17.253912643
8.9430446137,6.5463374807,0,0,0,0,0,4.0539256565,-17.2910626767
8.9330679024,6.5581573131,0,0,0,0,0,4.0526940925,-17.3282923056
8.9230912907,6.5700003418,0,0,0,0,0,4.0514553163,-17.3656018108
8.9131147791,6.5818666355,0,0,0,0,0,4.0502093307,-17.402991475
8.9031383682,6.593756263,0,0,0,0,0,4.0489561386,-17.440461582
8.8931620585,6.6056692934,0,0,0,0,0,4.0476957427,-17.478012417
8.8831858507,6.6176057961,0,0,0,0,0,4.0464281458,-17.5156442666
8.8732097452,6.6295658407,0,0,0,0,0,4.0451533508,-17.5533574187
8.8632337427,6.6415494969,0,0,0,0,0,4.0438713604,-17.5911521626
8.8532578438,6.6535568349,0,0,0,0,0,4.0425821775,-17.629028789
8.843282049,6.665587925,0,0,0,0,0,4.0412858049,-17.66698759
8.8333063589,6.6776428378,0,0,0,0,0,4.0399822454,-17.7050288591
8.8233307742,6.6897216441,0,0,0,0,0,4.0386715016,-17.743152891
8.8133552954,6.701824415,0,0,0,0,0,4.0373535766,-17.781359982
8.8033799231,6.713951222,0,0,0,0,0,4.0360284729,-17.8196504299
8.7934046581,6.7261021366,0,0,0,0,0,4.0346961935,-17.8580245337
8.7834295007,6.7382772306,0,0,0,0,0,4.0333567411,-17.8964825941
8.7734544518,6.7504765762,0,0,0,0,0,4.0320101184,-17.9350249129
8.7634795118,6.7627002458,0,0,0,0,0,4.0306563283,-17.9736517937
8.7535046815,6.774948312,0,0,0,0,0,4.0292953735,-18.0123635413
8.7435299615,6.7872208478,0,0,0,0,0,4.0279272569,-18.0511604621
8.7335553523,6.7995179263,0,0,0,0,0,4.0265519811,-18.090042864
8.7235808547,6.8118396209,0,0,0,0,0,4.0251695489,-18.1290110563
8.7136064693,6.8241860053,0,0,0,0,0,4.0237799632,-18.16806535
8.7036321967,6.8365571536,0,0,0,0,0,4.0223832266,-18.2072060572
8.6936580376,6.8489531399,0,0,0,0,0,4.020979342,-18.2464334919
8.6836839926,6.8613740388,0,0,0,0,0,4.019568312,-18.2857479695
8.6737100625,6.8738199249,0,0,0,0,0,4.0181501395,-18.3251498069
8.6637362478,6.8862908734,0,0,0,0,0,4.0167248272,-18.3646393226
8.6537625493,6.8987869595,0,0,0,0,0,4.0152923778,-18.4042168366
8.6437889676,6.9113082589,0,0,0,0,0,4.0138527941,-18.4438826705
8.6338155034,6.9238548473,0,0,0,0,0,4.0124060788,-18.4836371474
8.6238421574,6.936426801,0,0,0,0,0,4.0109522347,-18.523480592
8.6138689302,6.9490241962,0,0,0,0,0,4.0094912645,-18.5634133308
8.6038958227,6.9616471098,0,0,0,0,0,4.008023171,-18.6034356917
8.5939228354,6.9742956186,0,0,0,0,0,4.0065479569,-18.6435480041
8.5839499692,6.9869697999,0,0,0,0,0,4.0050656249,-18.6837505992
8.5739772246,6.9996697312,0,0,0,0,0,4.0035761777,-18.72404381
8.5640046024,7.0123954902,0,0,0,0,0,4.0020796181,-18.7644279706
8.5540321034,7.0251471552,0,0,0,0,0,4.0005759488,-18.8049034174
8.5440597283,7.0379248043,0,0,0,0,0,3.9990651726,-18.845470488
8.5340874777,7.0507285164,0,0,0,0,0,3.9975472921,-18.8861295218
8.5241153525,7.0635583702,0,0,0,0,0,3.99602231,-18.92688086
8.5141433534,7.076414445,0,0,0,0,0,3.9944902292,-18.9677248453
8.5041714811,7.0892968203,0,0,0,0,0,3.9929510523,-19.0086618222
8.4941997364,7.1022055759,0,0,0,0,0,3.9914047819,-19.049692137
8.48422812,7.1151407919,0,0,0,0,0,3.9898514209,-19.0908161376
8.4742566327,7.1281025486,0,0,0,0,0,3.988290972,-19.1320341736
8.4642852753,7.1410909267,0,0,0,0,0,3.9867234377,-19.1733465965
8.4543140486,7.1541060071,0,0,0,0,0,3.9851488209,-19.2147537595
8.4443429532,7.1671478712,0,0,0,0,0,3.9835671243,-19.2562560175
8.4343719901,7.1802166003,0,0,0,0,0,3.9819783505,-19.2978537272
8.4244011601,7.1933122764,0,0,0,0,0,3.9803825022,-19.3395472471
8.4144304638,7.2064349816,0,0,0,0,0,3.9787795822,-19.3813369376
8.4044599021,7.2195847983,0,0,0,0,0,3.9771695931,-19.4232231608
8.3944894759,7.2327618093,0,0,0,0,0,3.9755525377,-19.4652062806
8.3845191859,7.2459660976,0,0,0,0,0,3.9739284185,-19.5072866628
8.374549033,7.2591977464,0,0,0,0,0,3.9722972383,-19.5494646751
8.364579018,7.2724568395,0,0,0,0,0,3.9706589999,-19.5917406869
8.3546091417,7.2857434608,0,0,0,0,0,3.9690137058,-19.6341150696
8.344639405,7.2990576945,0,0,0,0,0,3.9673613587,-19.6765881965
8.3346698087,7.3123996252,0,0,0,0,0,3.9657019614,-19.7191604427
8.3247003536,7.3257693377,0,0,0,0,0,3.9640355165,-19.7618321853
8.3147310407,7.3391669172,0,0,0,0,0,3.9623620267,-19.8046038032
8.3047618708,7.3525924492,0,0,0,0,0,3.9606814946,-19.8474756773
8.2947928448,7.3660460194,0,0,0,0,0,3.958993923,-19.8904481904
8.2848239635,7.379527714,0,0,0,0,0,3.9572993144,-19.9335217274
8.2748552278,7.3930376193,0,0,0,0,0,3.9555976717,-19.976696675
8.2648866387,7.4065758221,0,0,0,0,0,3.9538889974,-20.019973422
8.254918197,7.4201424094,0,0,0,0,0,3.9521732942,-20.0633523591
8.2449499036,7.4337374686,0,0,0,0,0,3.9504505647,-20.1068338791
8.2349817594,7.4473610873,0,0,0,0,0,3.9487208117,-20.1504183766
8.2250137654,7.4610133536,0,0,0,0,0,3.9469840378,-20.1941062486
8.2150459225,7.4746943557,0,0,0,0,0,3.9452402457,-20.2378978938
8.2050782317,7.4884041823,0,0,0,0,0,3.943489438,-20.2817937131
8.1951106937,7.5021429224,0,0,0,0,0,3.9417316173,-20.3257941096
8.1851433097,7.5159106651,0,0,0,0,0,3.9399667864,-20.3698994883
8.1751760806,7.5297075002,0,0,0,0,0,3.9381949478,-20.4141102563
8.1652090072,7.5435335175,0,0,0,0,0,3.9364161043,-20.4584268228
8.1552420907,7.5573888074,0,0,0,0,0,3.9346302584,-20.5028495994
8.1452753319,7.5712734603,0,0,0,0,0,3.9328374129,-20.5473789995
8.1353087319,7.5851875672,0,0,0,0,0,3.9310375704,-20.5920154387
8.1253422916,7.5991312194,0,0,0,0,0,3.9292307335,-20.636759335
8.115376012,7.6131045084,0,0,0,0,0,3.9274169049,-20.6816111084
8.1054098942,7.6271075262,0,0,0,0,0,3.9255960872,-20.7265711811
8.0954439392,7.641140365,0,0,0,0,0,3.923768283,-20.7716399775
8.0854781479,7.6552031173,0,0,0,0,0,3.921933495,-20.8168179243
8.0755125214,7.6692958761,0,0,0,0,0,3.9200917259,-20.8621054505
8.0655470608,7.6834187347,0,0,0,0,0,3.9182429783,-20.907502987
8.0555817671,7.6975717866,0,0,0,0,0,3.9163872548,-20.9530109674
8.0456166413,7.7117551258,0,0,0,0,0,3.914524558,-20.9986298274
8.0356516845,7.7259688465,0,0,0,0,0,3.9126548907,-21.044360005
8.0256868978,7.7402130435,0,0,0,0,0,3.9107782554,-21.0902019405
8.0157222823,7.7544878115,0,0,0,0,0,3.9088946547,-21.1361560765
8.005757839,7.768793246,0,0,0,0,0,3.9070040913,-21.182222858
7.995793569,7.7831294427,0,0,0,0,0,3.9051065679,-21.2284027323
7.9858294735,7.7974964974,0,0,0,0,0,3.903202087,-21.2746961493
7.9758655535,7.8118945066,0,0,0,0,0,3.9012906514,-21.3211035609
7.9659018102,7.826323567,0,0,0,0,0,3.8993722635,-21.3676254217
7.9559382447,7.8407837756,0,0,0,0,0,3.8974469261,-21.4142621887
7.9459748581,7.8552752299,0,0,0,0,0,3.8955146418,-21.4610143211
7.9360116516,7.8697980276,0,0,0,0,0,3.8935754132,-21.507882281
7.9260486263,7.8843522668,0,0,0,0,0,3.8916292429,-21.5548665324
7.9160857834,7.898938046,0,0,0,0,0,3.8896761336,-21.6019675423
7.9061231242,7.913555464,0,0,0,0,0,3.8877160879,-21.6491857798
7.8961606496,7.92820462,0,0,0,0,0,3.8857491085,-21.6965217169
7.886198361,7.9428856136,0,0,0,0,0,3.8837751978,-21.7439758279
7.8762362596,7.9575985447,0,0,0,0,0,3.8817943587,-21.7915485897
7.8662743465,7.9723435136,0,0,0,0,0,3.8798065936,-21.8392404816
7.856312623,7.9871206208,0,0,0,0,0,3.8778119052,-21.8870519859
7.8463510904,8.0019299675,0,0,0,0,0,3.8758102962,-21.9349835872
7.8363897497,8.016771655,0,0,0,0,0,3.8738017692,-21.9830357727
7.8264286024,8.0316457849,0,0,0,0,0,3.8717863267,-22.0312090324
7.8164676496,8.0465524596,0,0,0,0,0,3.8697639715,-22.0795038588
7.8065068927,8.0614917813,0,0,0,0,0,3.8677347061,-22.1279207473
7.7965463329,8.076463853,0,0,0,0,0,3.8656985332,-22.1764601958
7.7865859715,8.0914687778,0,0,0,0,0,3.8636554554,-22.225122705
7.7766258097,8.1065066595,0,0,0,0,0,3.8616054753,-22.2739087782
7.766665849,8.1215776019,0,0,0,0,0,3.8595485955,-22.3228189216
7.7567060907,8.1366817094,0,0,0,0,0,3.8574848186,-22.3718536442
7.746746536,8.1518190868,0,0,0,0,0,3.8554141474,-22.4210134576
7.7367871862,8.1669898391,0,0,0,0,0,3.8533365844,-22.4702988763
7.7268280429,8.1821940718,0,0,0,0,0,3.8512521322,-22.5197104178
7.7168691073,8.1974318908,0,0,0,0,0,3.8491607934,-22.5692486021
7.7069103807,8.2127034024,0,0,0,0,0,3.8470625708,-22.6189139523
7.6969518647,8.2280087131,0,0,0,0,0,3.8449574668,-22.6687069944
7.6869935605,8.2433479301,0,0,0,0,0,3.8428454842,-22.7186282572
7.6770354697,8.2587211607,0,0,0,0,0,3.8407266256,-22.7686782723
7.6670775935,8.2741285126,0,0,0,0,0,3.8386008935,-22.8188575746
7.6571199335,8.2895700942,0,0,0,0,0,3.8364682907,-22.8691667017
7.6471624911,8.3050460139,0,0,0,0,0,3.8343288197,-22.9196061941
7.6372052677,8.3205563808,0,0,0,0,0,3.8321824833,-22.9701765956
7.6272482648,8.3361013041,0,0,0,0,0,3.8300292839,-23.0208784529
7.6172914839,8.3516808937,0,0,0,0,0,3.8278692242,-23.0717123156
7.6073349264,8.3672952597,0,0,0,0,0,3.825702307,-23.1226787364
7.597378594,8.3829445126,0,0,0,0,0,3.8235285347,-23.1737782714
7.587422488,8.3986287634,0,0,0,0,0,3.8213479101,-23.2250114794
7.5774666101,8.4143481235,0,0,0,0,0,3.8191604358,-23.2763789226
7.5675109617,8.4301027045,0,0,0,0,0,3.8169661144,-23.3278811662
7.5575555444,8.4458926186,0,0,0,0,0,3.8147649486,-23.3795187786
7.5476003598,8.4617179783,0,0,0,0,0,3.8125569409,-23.4312923314
7.5376454095,8.4775788967,0,0,0,0,0,3.8103420941,-23.4832023996
7.527690695,8.493475487,0,0,0,0,0,3.8081204108,-23.5352495611
7.517736218,8.5094078631,0,0,0,0,0,3.8058918936,-23.5874343974
7.50778198,8.525376139,0,0,0,0,0,3.8036565452,-23.639757493
7.4978279828,8.5413804294,0,0,0,0,0,3.8014143682,-23.6922194358
7.4878742279,8.5574208493,0,0,0,0,0,3.7991653653,-23.7448208173
7.477920717,8.5734975141,0,0,0,0,0,3.7969095391,-23.7975622319
7.4679674518,8.5896105395,0,0,0,0,0,3.7946468923,-23.8504442776
7.4580144339,8.6057600418,0,0,0,0,0,3.7923774276,-23.903467556
7.4480616651,8.6219461377,0,0,0,0,0,3.7901011475,-23.9566326717
7.4381091471,8.6381689442,0,0,0,0,0,3.7878180548,-24.0099402331
7.4281568816,8.6544285787,0,0,0,0,0,3.7855281521,-24.0633908519
7.4182048704,8.6707251593,0,0,0,0,0,3.783231442,-24.1169851434
7.4082531151,8.6870588041,0,0,0,0,0,3.7809279274,-24.1707237263
7.3983016177,8.7034296319,0,0,0,0,0,3.7786176107,-24.224607223
7.3883503798,8.7198377619,0,0,0,0,0,3.7763004948,-24.2786362593
7.3783994033,8.7362833137,0,0,0,0,0,3.7739765822,-24.3328114647
7.36844869,8.7527664073,0,0,0,0,0,3.7716458756,-24.3871334724
7.3584982418,8.769287163,0,0,0,0,0,3.7693083778,-24.441602919
7.3485480604,8.7858457018,0,0,0,0,0,3.7669640914,-24.4962204451
7.3385981477,8.802442145,0,0,0,0,0,3.764613019,-24.5509866948
7.3286485057,8.8190766141,0,0,0,0,0,3.7622551635,-24.6059023159
7.3186991362,8.8357492315,0,0,0,0,0,3.7598905274,-24.6609679601
7.3087500411,8.8524601197,0,0,0,0,0,3.7575191135,-24.7161842827
7.2988012224,8.8692094017,0,0,0,0,0,3.7551409245,-24.7715519429
7.288852682,8.8859972009,0,0,0,0,0,3.7527559631,-24.8270716039
7.2789044219,8.9028236412,0,0,0,0,0,3.7503642319,-24.8827439324
7.268956444,8.9196888469,0,0,0,0,0,3.7479657338,-24.9385695993
7.2590087504,8.9365929428,0,0,0,0,0,3.7455604713,-24.9945492793
7.249061343,8.953536044,0,0,0,0,0,3.743148444,-25.0506836668
7.2391142199,8.9705170693,0,0,0,0,0,3.7407292595,-25.1069754003
7.2291673424,8.9875392858,0,0,0,0,0,3.7383039085,-25.1634205138
7.219222882,9.0036953861,0,0,0,0,0,3.7355814348,-25.2214645046
7.2092848746,9.0174300541,0,0,0,0,0,3.7320680107,-25.2836267059
7.1993473708,9.0312039916,0,0,0,0,0,3.7285551878,-25.3460165495
7.1894103621,9.0450157113,0,0,0,0,0,3.7250424317,-25.4086378533
7.1794738391,9.0588647917,0,0,0,0,0,3.7215295531,-25.4714927563
7.1695377897,9.072752247,0,0,0,0,0,3.7180168179,-25.5345810616
7.1596022119,9.0866779434,0,0,0,0,0,3.7145041337,-25.59790438
7.14966711,9.1006419992,0,0,0,0,0,3.7109914929,-25.6614638642
7.1397324879,9.1146445333,0,0,0,0,0,3.707478888,-25.7252606737
7.1297983498,9.1286856646,0,0,0,0,0,3.7039663116,-25.7892959752
7.1198646998,9.1427655125,0,0,0,0,0,3.7004537562,-25.8535709423
7.1099315423,9.1568841964,0,0,0,0,0,3.6969412143,-25.9180867554
7.0999988814,9.1710418364,0,0,0,0,0,3.6934286784,-25.9828446022
7.0900667215,9.1852385527,0,0,0,0,0,3.6899161409,-26.0478456774
7.0801350669,9.1994744656,0,0,0,0,0,3.6864035944,-26.1130911831
7.070203922,9.213749696,0,0,0,0,0,3.6828910314,-26.1785823284
7.0602732912,9.228064365,0,0,0,0,0,3.6793784444,-26.2443203296
7.050343179,9.242418594,0,0,0,0,0,3.6758658257,-26.3103064105
7.04041359,9.2568125045,0,0,0,0,0,3.672353168,-26.3765418023
7.0304845286,9.2712462185,0,0,0,0,0,3.6688404637,-26.4430277435
7.0205559995,9.2857198583,0,0,0,0,0,3.6653277053,-26.5097654799
7.0106280074,9.3002335464,0,0,0,0,0,3.6618148851,-26.5767562653
7.0007005569,9.3147874055,0,0,0,0,0,3.6583019958,-26.6440013606
6.9907736528,9.3293815588,0,0,0,0,0,3.6547890297,-26.7115020345
6.9808472999,9.3440161296,0,0,0,0,0,3.6512759794,-26.7792595635
6.970921503,9.3586912416,0,0,0,0,0,3.6477628373,-26.8472752315
6.9609962671,9.3734070187,0,0,0,0,0,3.6442495958,-26.9155503305
6.951071597,9.3881635851,0,0,0,0,0,3.6407362474,-26.9840861602
6.9411474978,9.4029610653,0,0,0,0,0,3.6372227846,-27.0528840281
6.9312239744,9.417799584,0,0,0,0,0,3.6337091998,-27.1219452497
6.9213010321,9.4326792663,0,0,0,0,0,3.6301954855,-27.1912711486
6.9113786758,9.4476002376,0,0,0,0,0,3.6266816342,-27.2608630562
6.9014569109,9.4625626233,0,0,0,0,0,3.6231676382,-27.3307223122
6.8915357425,9.4775665493,0,0,0,0,0,3.6196534901,-27.4008502644
6.881615176,9.4926121417,0,0,0,0,0,3.6161391824,-27.4712482688
6.8716952166,9.5076995269,0,0,0,0,0,3.6126247074,-27.5419176896
6.8617758699,9.5228288316,0,0,0,0,0,3.6091100576,-27.6128598993
6.8518571412,9.5380001825,0,0,0,0,0,3.6055952256,-27.6840762789
6.8419390361,9.553213707,0,0,0,0,0,3.6020802038,-27.7555682177
6.8320215601,9.5684695324,0,0,0,0,0,3.5985649845,-27.8273371137
6.8221047189,9.5837677864,0,0,0,0,0,3.5950495605,-27.8993843731
6.8121885181,9.5991085969,0,0,0,0,0,3.591533924,-27.9717114109
6.8022729636,9.6144920921,0,0,0,0,0,3.5880180675,-28.0443196509
6.7923580609,9.6299184003,0,0,0,0,0,3.5845019836,-28.1172105253
6.7824438162,9.6453876504,0,0,0,0,0,3.5809856648,-28.1903854753
6.7725302352,9.6608999712,0,0,0,0,0,3.5774691035,-28.2638459508
6.7626173239,9.6764554918,0,0,0,0,0,3.5739522922,-28.3375934106
6.7527050883,9.6920543417,0,0,0,0,0,3.5704352234,-28.4116293227
6.7427935346,9.7076966505,0,0,0,0,0,3.5669178896,-28.4859551638
6.732882669,9.7233825481,0,0,0,0,0,3.5634002834,-28.5605724198
6.7229724975,9.7391121645,0,0,0,0,0,3.5598823973,-28.6354825856
6.7130630266,9.7548856302,0,0,0,0,0,3.5563642237,-28.7106871656
6.7031542626,9.7707030755,0,0,0,0,0,3.5528457552,-28.7861876732
6.6932462119,9.7865646315,0,0,0,0,0,3.5493269844,-28.8619856311
6.6833388809,9.8024704289,0,0,0,0,0,3.5458079038,-28.9380825715
6.6734322763,9.8184205992,0,0,0,0,0,3.5422885059,-29.0144800361
6.6635264046,9.8344152736,0,0,0,0,0,3.5387687833,-29.0911795759
6.6536212725,9.8504545839,0,0,0,0,0,3.5352487286,-29.1681827515
6.6437168868,9.8665386619,0,0,0,0,0,3.5317283344,-29.2454911334
6.6338132543,9.8826676397,0,0,0,0,0,3.5282075933,-29.3231063015
6.6239103819,9.8988416494,0,0,0,0,0,3.5246864978,-29.4010298456
6.6140082765,9.9150608237,0,0,0,0,0,3.5211650405,-29.4792633652
6.6041069452,9.9313252952,0,0,0,0,0,3.5176432142,-29.5578084698
6.5942063951,9.9476351967,0,0,0,0,0,3.5141210113,-29.6366667788
6.5843066333,9.9639906612,0,0,0,0,0,3.5105984247,-29.7158399218
6.5744076672,9.980391822,0,0,0,0,0,3.5070754469,-29.7953295382
6.564509504,9.9968388125,0,0,0,0,0,3.5035520706,-29.8751372776
6.5546121512,10.0133317663,0,0,0,0,0,3.5000282885,-29.9552648002
6.5447156162,10.0298708171,0,0,0,0,0,3.4965040932,-30.0357137759
6.5348199067,10.0464560989,0,0,0,0,0,3.4929794776,-30.1164858854
6.5249250302,10.0630877457,0,0,0,0,0,3.4894544343,-30.1975828196
6.5150309944,10.0797658919,0,0,0,0,0,3.4859289561,-30.2790062801
6.5051378072,10.0964906719,0,0,0,0,0,3.4824030357,-30.3607579788
6.4952454765,10.1132622202,0,0,0,0,0,3.4788766659,-30.4428396384
6.4853540102,10.1300806715,0,0,0,0,0,3.4753498395,-30.5252529923
6.4754634163,10.1469461607,0,0,0,0,0,3.4718225494,-30.6079997846
6.465573703,10.1638588228,0,0,0,0,0,3.4682947883,-30.6910817702
6.4556848786,10.1808187931,0,0,0,0,0,3.4647665491,-30.7745007151
6.4457969512,10.1978262066,0,0,0,0,0,3.4612378246,-30.858258396
6.4359099294,10.2148811989,0,0,0,0,0,3.4577086078,-30.942356601
6.4260238215,10.2319839054,0,0,0,0,0,3.4541788916,-31.0267971289
6.4161386362,10.2491344619,0,0,0,0,0,3.4506486688,-31.1115817902
6.4062543821,10.266333004,0,0,0,0,0,3.4471179324,-31.1967124062
6.3963710679,10.2835796676,0,0,0,0,0,3.4435866755,-31.2821908098
6.3864887025,10.3008745887,0,0,0,0,0,3.4400548909,-31.3680188452
6.3766072949,10.3182179034,0,0,0,0,0,3.4365225718,-31.4541983683
6.366726854,10.3356097477,0,0,0,0,0,3.4329897111,-31.5407312462
6.356847389,10.3530502579,0,0,0,0,0,3.4294563019,-31.627619358
6.3469689092,10.3705395704,0,0,0,0,0,3.4259223374,-31.7148645942
6.3370914237,10.3880778214,0,0,0,0,0,3.4223878105,-31.8024688573
6.3272149421,10.4056651476,0,0,0,0,0,3.4188527146,-31.8904340616
6.3173394739,10.4233016853,0,0,0,0,0,3.4153170426,-31.9787621333
6.3074650286,10.4409875712,0,0,0,0,0,3.4117807879,-32.0674550107
6.297591616,10.4587229419,0,0,0,0,0,3.4082439437,-32.156514644
6.287719246,10.476507934,0,0,0,0,0,3.4047065031,-32.2459429956
6.2778479284,10.4943426843,0,0,0,0,0,3.4011684596,-32.3357420405
6.2679776733,10.5122273294,0,0,0,0,0,3.3976298064,-32.4259137655
6.2581084908,10.5301620062,0,0,0,0,0,3.3940905368,-32.51646017
6.2482403913,10.5481468514,0,0,0,0,0,3.3905506443,-32.6073832661
6.2383733849,10.5661820019,0,0,0,0,0,3.3870101222,-32.698685078
6.2285074823,10.5842675943,0,0,0,0,0,3.3834689641,-32.7903676429
6.218642694,10.6024037655,0,0,0,0,0,3.3799271633,-32.8824330105
6.2087790307,10.6205906523,0,0,0,0,0,3.3763847134,-32.9748832435
6.1989165032,10.6388283914,0,0,0,0,0,3.372841608,-33.0677204171
6.1890551224,10.6571171196,0,0,0,0,0,3.3692978406,-33.1609466197
6.1791948994,10.6754569734,0,0,0,0,0,3.3657534048,-33.2545639527
6.1693358453,10.6938480897,0,0,0,0,0,3.3622082944,-33.3485745305
6.1594779715,10.712290605,0,0,0,0,0,3.3586625029,-33.4429804809
6.1496212893,10.7307846559,0,0,0,0,0,3.3551160243,-33.5377839446
6.1397658103,10.7493303788,0,0,0,0,0,3.3515688522,-33.6329870759
6.129911546,10.7679279102,0,0,0,0,0,3.3480209804,-33.7285920425
6.1200585084,10.7865773863,0,0,0,0,0,3.3444724029,-33.8246010255
6.1102067092,10.8052789435,0,0,0,0,0,3.3409231136,-33.9210162196
6.1003561606,10.8240327178,0,0,0,0,0,3.3373731063,-34.0178398332
6.0905068747,10.8428388454,0,0,0,0,0,3.3338223751,-34.1150740885
6.0806588637,10.861697462,0,0,0,0,0,3.3302709141,-34.2127212214
6.0708121402,10.8806087036,0,0,0,0,0,3.3267187174,-34.3107834818
6.0609667167,10.8995727056,0,0,0,0,0,3.323165779,-34.4092631334
6.0511226058,10.9185896038,0,0,0,0,0,3.3196120932,-34.5081624543
6.0412798205,10.9376595333,0,0,0,0,0,3.3160576542,-34.6074837363
6.0314383736,10.9567826294,0,0,0,0,0,3.3125024562,-34.707229286
6.0215982784,10.9759590271,0,0,0,0,0,3.3089464938,-34.8074014237
13.9255988156,0.5949041365,0,0,0,0,0,1.041520874,-1.5636673674
13.9265937127,0.592999002,0,0,0,0,0,1.0390905669,-1.5587804504
13.9278870764,0.5905220778,0,0,0,0,0,1.0359297763,-1.5524265033
13.9295684279,0.5872989228,0,0,0,0,0,1.0318147674,-1.5441563842
13.9317541488,0.5831034645,0,0,0,0,0,1.0264551054,-1.5333882667
13.9345955244,0.577640255,0,0,0,0,0,1.0194702972,-1.5193608622
13.9382892074,0.570522545,0,0,0,0,0,1.0103606899,-1.5010760663
13.9430908152,0.5612429622,0,0,0,0,0,0.998468124,-1.4772218173
13.9493325952,0.5491339422,0,0,0,0,0,0.9829221199,-1.4460672557
13.9574463727,0.5333136914,0,0,0,0,0,0.9625651928,-1.4053182674
13.9673921562,0.5137955339,0,0,0,0,0,0.9373780981,-1.3549723335
13.9773369647,0.4941365001,0,0,0,0,0,0.9119295964,-1.3041822609
13.9872807593,0.4743320432,0,0,0,0,0,0.8862127206,-1.2529342218
13.9972234989,0.4543773901,0,0,0,0,0,0.8602201646,-1.2012136976
14.00716514,0.4342675255,0,0,0,0,0,0.8339442599,-1.14900543
14.017105636,0.4139971746,0,0,0,0,0,0.8073769497,-1.0962933679
14.0270449377,0.3935607835,0,0,0,0,0,0.7805097606,-1.0430606079
14.0369829926,0.3729524986,0,0,0,0,0,0.753333771,-0.9892893307
14.0469197446,0.3521661431,0,0,0,0,0,0.7258395776,-0.9349607301
14.0568551339,0.3311951917,0,0,0,0,0,0.6980172577,-0.8800549351
14.0667890964,0.3100327424,0,0,0,0,0,0.6698563274,-0.8245509243
14.0767215635,0.2886714856,0,0,0,0,0,0.6413456962,-0.7684264303
14.0866524616,0.2671036698,0,0,0,0,0,0.6124736162,-0.7116578353
14.0965817115,0.2453210628,0,0,0,0,0,0.583227626,-0.6542200533
14.1065092281,0.2233149096,0,0,0,0,0,0.5535944876,-0.5960864004
14.1164349192,0.2010758847,0,0,0,0,0,0.523560117,-0.5372284493
14.1263586856,0.178594039,0,0,0,0,0,0.4931095056,-0.4776158661
14.1362804196,0.1558587396,0,0,0,0,0,0.4622266328,-0.4172162278
14.1462000043,0.1328586028,0,0,0,0,0,0.4308943669,-0.3559948161
14.1561173124,0.1095814182,0,0,0,0,0,0.3990943536,-0.2939143847
14.1660322054,0.0860140618,0,0,0,0,0,0.3668068898,-0.2309348953
14.1759445315,0.0621423986,0,0,0,0,0,0.3340107795,-0.1670132175
14.1858541301,0.0379519472,0,0,0,0,0,0.3006842449,-0.1021048759
14.1957611856,0.0134213302,0,0,0,0,0,0.2667958564,-0.0361463803
14.2056010517,-0.0187297628,0,0,0,0,0,0.2222514866,0.0504994255
14.2153416855,-0.0599923077,0,0,0,0,0,0.1649404616,0.1619448401
14.2250629676,-0.1019125849,0,0,0,0,0,0.1065629982,0.2754395175
14.234772837,-0.1445745986,0,0,0,0,0,0.0469986453,0.3912261725
14.244470308,-0.1880262795,0,0,0,0,0,-0.0138233246,0.5094519127
14.2541542634,-0.232320703,0,0,0,0,0,-0.0759811252,0.6302796875
14.2638234304,-0.2775168859,0,0,0,0,0,-0.1395616074,0.7538907465
14.2734763504,-0.3236807468,0,0,0,0,0,-0.2046616458,0.8804876064
14.2831113417,-0.3708862736,0,0,0,0,0,-0.271389822,1.0102976566
14.2927264518,-0.4192169534,0,0,0,0,0,-0.339868486,1.1435775801
14.3023193971,-0.4687675409,0,0,0,0,0,-0.4102363021,1.2806188235
14.3118874847,-0.5196462674,0,0,0,0,0,-0.4826514264,1.4217544314
14.3214275094,-0.571977629,0,0,0,0,0,-0.5572955136,1.5673676807
14.3309356179,-0.6259059482,0,0,0,0,0,-0.634378831,1.7179031177
14.3404071243,-0.6815999832,0,0,0,0,0,-0.7141468695,1.873880854
14.349836257,-0.7392589802,0,0,0,0,0,-0.7968890124,2.0359153513
14.3592158022,-0.799120743,0,0,0,0,0,-0.8829500836,2.2047405008
14.3685365932,-0.8614725877,0,0,0,0,0,-0.9727459996,2.3812437039
14.3777867559,-0.9266664977,0,0,0,0,0,-1.0667853937,2.5665130936
14.386950562,-0.9951405415,0,0,0,0,0,-1.1657001235,2.7619043877
14.3960066259,-1.0674498461,0,0,0,0,0,-1.2702893014,2.9691377794
14.4049249519,-1.1443124894,0,0,0,0,0,-1.3815843751,3.1904419062
14.4136618723,-1.226679139,0,0,0,0,0,-1.5009475743,3.428773164
14.4221508913,-1.3158407166,0,0,0,0,0,-1.6302234372,3.688156699
14.430285097,-1.413594749,0,0,0,0,0,-1.7719712645,3.9742182624
14.4378811685,-1.5224855059,0,0,0,0,0,-1.9297957006,4.2949673181
14.4446023315,-1.6460309725,0,0,0,0,0,-2.1086393913,4.6615994291
14.4498019463,-1.7882153655,0,0,0,0,0,-2.3139781276,5.0871773496
14.4523588062,-1.9490080391,0,0,0,0,0,-2.5452711142,5.5732263373
14.4512603225,-2.113754531,0,0,0,0,0,-2.7808819707,6.0765930237
14.4470049764,-2.2620761564,0,0,0,0,0,-2.991500221,6.5345204893
14.4408400716,-2.3896419623,0,0,0,0,0,-3.1712811609,6.9320349576
14.4335938159,-2.5003703951,0,0,0,0,0,-3.3261620185,7.2798802991
14.4256992059,-2.5983960583,0,0,0,0,0,-3.4622668711,7.5900245927
14.4173867431,-2.6867492714,0,0,0,0,0,-3.5840597657,7.871363649
14.4087876504,-2.7675486773,0,0,0,0,0,-3.6946550309,8.1301596649
14.3999818394,-2.8422944863,0,0,0,0,0,-3.7962559673,8.370865405
14.3910208695,-2.9120765178,0,0,0,0,0,-3.8904627677,8.596724759
14.381941335,-2.9777020312,0,0,0,0,0,-3.9784620455,8.8101424691
14.3722852061,-3.0171575553,0,0,0,0,0,-4.0294488371,8.9456173904
14.3624415723,-3.0432053429,0,0,0,0,0,-4.0615315654,9.0408376309
14.3526023547,-3.0689721978,0,0,0,0,0,-4.0931056092,9.1350042831
14.3427605703,-3.0944835329,0,0,0,0,0,-4.1242057949,9.2282131913
14.3329155359,-3.1197511689,0,0,0,0,0,-4.1548505037,9.3205079832
14.3230673954,-3.1447835436,0,0,0,0,0,-4.1850536605,9.4119203179
14.3132162841,-3.1695886472,0,0,0,0,0,-4.2148284661,9.5024801746
14.3033623283,-3.194174054,0,0,0,0,0,-4.244187448,9.5922159706
14.2935056469,-3.218546952,0,0,0,0,0,-4.2731425081,9.6811546734
14.2836463515,-3.2427141698,0,0,0,0,0,-4.3017049651,9.7693219005
14.2737845473,-3.2666822012,0,0,0,0,0,-4.3298855948,9.8567420124
14.2639203332,-3.2904572274,0,0,0,0,0,-4.3576946653,9.9434381964
14.2540538026,-3.3140451378,0,0,0,0,0,-4.3851419705,10.0294325442
14.2441850438,-3.3374515487,0,0,0,0,0,-4.4122368605,10.1147461224
14.2343141401,-3.3606818207,0,0,0,0,0,-4.4389882688,10.1993990375
14.2244411704,-3.3837410746,0,0,0,0,0,-4.4654047388,10.283410496
14.2145662095,-3.4066342061,0,0,0,0,0,-4.4914944468,10.3667988596
14.2046893282,-3.4293658992,0,0,0,0,0,-4.5172652241,10.4495816957
14.1948105938,-3.4519406391,0,0,0,0,0,-4.5427245772,10.5317758251
14.1849300702,-3.4743627236,0,0,0,0,0,-4.5678797066,10.6133973648
14.175047818,-3.4966362736,0,0,0,0,0,-4.5927375237,10.6944617692
14.1651638952,-3.5187652435,0,0,0,0,0,-4.6173046675,10.7749838668
14.1552783566,-3.5407534301,0,0,0,0,0,-4.6415875192,10.8549778952
14.1453912548,-3.5626044815,0,0,0,0,0,-4.665592216,10.9344575338
14.1355026398,-3.5843219049,0,0,0,0,0,-4.6893246644,11.0134359334
14.1256125593,-3.6059090742,0,0,0,0,0,-4.7127905521,11.0919257446
14.1157210588,-3.627369237,0,0,0,0,0,-4.7359953593,11.1699391436
14.105828182,-3.648705521,0,0,0,0,0,-4.7589443693,11.2474878573
14.0959339705,-3.66992094,0,0,0,0,0,-4.7816426782,11.3245831855
14.0860384642,-3.6910184,0,0,0,0,0,-4.8040952045,11.4012360229
14.0761417014,-3.7120007041,0,0,0,0,0,-4.8263066973,11.4774568784
14.0662437185,-3.7328705577,0,0,0,0,0,-4.8482817448,11.5532558948
14.0563445507,-3.7536305734,0,0,0,0,0,-4.8700247817,11.6286428656
14.0464442316,-3.7742832748,0,0,0,0,0,-4.8915400966,11.7036272521
14.0365427935,-3.7948311014,0,0,0,0,0,-4.9128318383,11.7782181989
14.0266402676,-3.815276412,0,0,0,0,0,-4.9339040228,11.8524245483
14.0167366836,-3.8356214885,0,0,0,0,0,-4.9547605386,11.9262548544
14.0068320701,-3.8558685396,0,0,0,0,0,-4.9754051529,11.9997173959
13.9969264547,-3.8760197037,0,0,0,0,0,-4.9958415165,12.0728201884
13.9870198641,-3.896077052,0,0,0,0,0,-5.0160731692,12.145570996
13.9771123237,-3.9160425918,0,0,0,0,0,-5.0361035441,12.2179773425
13.9672038582,-3.935918269,0,0,0,0,0,-5.0559359727,12.290046521
13.9572944912,-3.9557059705,0,0,0,0,0,-5.0755736883,12.3617856045
13.9473842458,-3.975407527,0,0,0,0,0,-5.095019831,12.4332014546
13.9374731439,-3.9950247153,0,0,0,0,0,-5.1142774506,12.5043007305
13.9275612068,-4.0145592603,0,0,0,0,0,-5.133349511,12.5750898972
13.9176484552,-4.0340128372,0,0,0,0,0,-5.152238893,12.6455752334
13.9077349088,-4.0533870736,0,0,0,0,0,-5.170948398,12.7157628389
13.897820587,-4.0726835511,0,0,0,0,0,-5.1894807507,12.7856586418
13.8879055081,-4.0919038075,0,0,0,0,0,-5.2078386023,12.8552684052
13.8779896902,-4.1110493381,0,0,0,0,0,-5.2260245335,12.9245977336
13.8680731506,-4.1301215978,0,0,0,0,0,-5.2440410567,12.9936520788
13.8581559062,-4.149122002,0,0,0,0,0,-5.2618906185,13.0624367459
13.8482379731,-4.1680519286,0,0,0,0,0,-5.2795756028,13.1309568989
13.8383193671,-4.1869127193,0,0,0,0,0,-5.2970983322,13.1992175657
13.8284001036,-4.2057056806,0,0,0,0,0,-5.3144610711,13.2672236432
13.8184801972,-4.2244320857,0,0,0,0,0,-5.3316660268,13.3349799021
13.8085596623,-4.2430931749,0,0,0,0,0,-5.3487153524,13.4024909915
13.7986385128,-4.2616901575,0,0,0,0,0,-5.3656111482,13.4697614429
13.7887167621,-4.2802242126,0,0,0,0,0,-5.3823554636,13.536795675
13.7787944235,-4.29869649,0,0,0,0,0,-5.3989502989,13.6035979971
13.7688715095,-4.3171081114,0,0,0,0,0,-5.4153976069,13.670172613
13.7589480325,-4.3354601715,0,0,0,0,0,-5.4316992947,13.7365236248
13.7490240045,-4.3537537385,0,0,0,0,0,-5.4478572249,13.8026550363
13.7390994371,-4.3719898555,0,0,0,0,0,-5.4638732171,13.868570756
13.7291743416,-4.3901695409,0,0,0,0,0,-5.4797490498,13.934274601
13.719248729,-4.4082937893,0,0,0,0,0,-5.495486461,13.9997702991
13.70932261,-4.4263635728,0,0,0,0,0,-5.51108715,14.0650614925
13.699395995,-4.4443798408,0,0,0,0,0,-5.5265527783,14.1301517401
13.6894688942,-4.4623435216,0,0,0,0,0,-5.5418849712,14.1950445206
13.6795413172,-4.4802555225,0,0,0,0,0,-5.5570853185,14.2597432347
13.6696132738,-4.4981167308,0,0,0,0,0,-5.5721553758,14.3242512075
13.6596847733,-4.5159280142,0,0,0,0,0,-5.5870966655,14.3885716913
13.6497558247,-4.5336902216,0,0,0,0,0,-5.6019106779,14.4527078676
13.6398264369,-4.5514041835,0,0,0,0,0,-5.616598872,14.5166628494
13.6298966185,-4.5690707127,0,0,0,0,0,-5.6311626766,14.5804396829
13.6199663779,-4.5866906049,0,0,0,0,0,-5.645603491,14.6440413501
13.6100357233,-4.6042646388,0,0,0,0,0,-5.659922686,14.7074707704
13.6001046627,-4.6217935771,0,0,0,0,0,-5.6741216047,14.7707308025
13.5901732039,-4.6392781669,0,0,0,0,0,-5.6882015633,14.8338242463
13.5802413545,-4.6567191397,0,0,0,0,0,-5.7021638519,14.8967538444
13.5703091219,-4.6741172126,0,0,0,0,0,-5.7160097351,14.9595222842
13.5603765133,-4.6914730879,0,0,0,0,0,-5.7297404529,15.022132199
13.5504435358,-4.7087874542,0,0,0,0,0,-5.7433572211,15.0845861697
13.5405101963,-4.7260609865,0,0,0,0,0,-5.7568612324,15.1468867266
13.5305765016,-4.7432943464,0,0,0,0,0,-5.7702536567,15.2090363504
13.5206424581,-4.7604881828,0,0,0,0,0,-5.7835356418,15.271037474
13.5107080724,-4.7776431323,0,0,0,0,0,-5.796708314,15.3328924833
13.5007733506,-4.794759819,0,0,0,0,0,-5.8097727786,15.394603719
13.4908382991,-4.8118388556,0,0,0,0,0,-5.8227301207,15.4561734777
13.4809029236,-4.8288808429,0,0,0,0,0,-5.8355814055,15.5176040128
13.4709672302,-4.845886371,0,0,0,0,0,-5.8483276788,15.5788975361
13.4610312244,-4.8628560187,0,0,0,0,0,-5.8609699676,15.6400562188
13.4510949121,-4.8797903545,0,0,0,0,0,-5.8735092808,15.7010821923
13.4411582986,-4.8966899365,0,0,0,0,0,-5.8859466091,15.7619775495
13.4312213892,-4.9135553128,0,0,0,0,0,-5.898282926,15.8227443458
13.4212841893,-4.9303870216,0,0,0,0,0,-5.910519188,15.8833846001
13.4113467041,-4.9471855917,0,0,0,0,0,-5.922656335,15.9439002956
13.4014089384,-4.9639515427,0,0,0,0,0,-5.9346952909,16.0042933808
13.3914708973,-4.980685385,0,0,0,0,0,-5.9466369635,16.0645657705
13.3815325856,-4.9973876203,0,0,0,0,0,-5.9584822457,16.1247193464
13.371594008,-5.0140587415,0,0,0,0,0,-5.970232015,16.1847559582
13.3616551692,-5.0306992335,0,0,0,0,0,-5.9818871347,16.2446774241
13.3517160736,-5.0473095728,0,0,0,0,0,-5.9934484534,16.3044855319
13.3417767258,-5.0638902278,0,0,0,0,0,-6.004916806,16.3641820396
13.33183713,-5.0804416594,0,0,0,0,0,-6.0162930138,16.4237686762
13.3218972906,-5.0969643207,0,0,0,0,0,-6.0275778846,16.4832471421
13.3119572117,-5.1134586576,0,0,0,0,0,-6.0387722136,16.5426191103
13.3020168975,-5.1299251086,0,0,0,0,0,-6.0498767829,16.6018862266
13.2920763519,-5.1463641053,0,0,0,0,0,-6.0608923625,16.6610501106
13.282135579,-5.1627760722,0,0,0,0,0,-6.07181971,16.7201123562
13.2721945825,-5.1791614273,0,0,0,0,0,-6.0826595716,16.7790745319
13.2622533664,-5.195520582,0,0,0,0,0,-6.0934126814,16.8379381821
13.2523119342,-5.2118539412,0,0,0,0,0,-6.1040797627,16.8967048267
13.2423702898,-5.2281619035,0,0,0,0,0,-6.1146615273,16.9553759627
13.2324284366,-5.2444448615,0,0,0,0,0,-6.1251586764,17.0139530639
13.2224863783,-5.2607032018,0,0,0,0,0,-6.1355719007,17.072437582
13.2125441182,-5.2769373052,0,0,0,0,0,-6.1459018804,17.1308309467
13.2026016598,-5.2931475465,0,0,0,0,0,-6.1561492855,17.1891345664
13.1926590065,-5.3093342953,0,0,0,0,0,-6.1663147764,17.2473498286
13.1827161614,-5.3254979154,0,0,0,0,0,-6.1763990034,17.3054781005
13.1727731278,-5.3416387657,0,0,0,0,0,-6.1864026076,17.3635207294
13.1628299089,-5.3577571993,0,0,0,0,0,-6.1963262207,17.4214790429
13.1528865079,-5.3738535647,0,0,0,0,0,-6.2061704653,17.4793543497
13.1429429276,-5.3899282051,0,0,0,0,0,-6.2159359551,17.5371479399
13.1329991713,-5.405981459,0,0,0,0,0,-6.2256232951,17.5948610852
13.1230552418,-5.42201366,0,0,0,0,0,-6.2352330817,17.6524950394
13.113111142,-5.438025137,0,0,0,0,0,-6.2447659029,17.710051039
13.1031668747,-5.4540162144,0,0,0,0,0,-6.2542223386,17.7675303035
13.0932224429,-5.469987212,0,0,0,0,0,-6.2636029605,17.8249340353
13.0832778492,-5.4859384454,0,0,0,0,0,-6.2729083327,17.8822634209
13.0733330964,-5.5018702258,0,0,0,0,0,-6.2821390114,17.9395196303
13.0633881872,-5.5177828602,0,0,0,0,0,-6.2912955451,17.9967038182
13.0534431241,-5.5336766513,0,0,0,0,0,-6.3003784751,18.0538171237
13.0434979099,-5.5495518981,0,0,0,0,0,-6.3093883354,18.1108606709
13.0335525469,-5.5654088955,0,0,0,0,0,-6.3183256527,18.1678355692
13.0236070378,-5.5812479344,0,0,0,0,0,-6.327190947,18.2247429136
13.0136613849,-5.597069302,0,0,0,0,0,-6.3359847311,18.2815837849
13.0037155908,-5.612873282,0,0,0,0,0,-6.3447075114,18.3383592501
12.9937696579,-5.628660154,0,0,0,0,0,-6.3533597874,18.3950703625
12.9838235884,-5.6444301944,0,0,0,0,0,-6.3619420524,18.4517181623
12.9738773847,-5.660183676,0,0,0,0,0,-6.3704547931,18.5083036766
12.9639310491,-5.6759208682,0,0,0,0,0,-6.3788984902,18.5648279196
12.9539845839,-5.6916420369,0,0,0,0,0,-6.3872736181,18.6212918931
12.9440379912,-5.7073474448,0,0,0,0,0,-6.3955806452,18.6776965867
12.9340912732,-5.7230373515,0,0,0,0,0,-6.4038200342,18.7340429779
12.9241444322,-5.7387120132,0,0,0,0,0,-6.4119922418,18.7903320323
12.9141974702,-5.7543716832,0,0,0,0,0,-6.4200977192,18.8465647042
12.9042503894,-5.7700166115,0,0,0,0,0,-6.4281369117,18.9027419362
12.8943031917,-5.7856470453,0,0,0,0,0,-6.4361102596,18.9588646602
12.8843558792,-5.801263229,0,0,0,0,0,-6.4440181973,19.0149337968
12.874408454,-5.8168654037,0,0,0,0,0,-6.4518611544,19.0709502563
12.864460918,-5.8324538081,0,0,0,0,0,-6.4596395551,19.1269149381
12.8545132731,-5.848028678,0,0,0,0,0,-6.4673538183,19.1828287316
12.8445655213,-5.8635902463,0,0,0,0,0,-6.4750043582,19.238692516
12.8346176645,-5.8791387435,0,0,0,0,0,-6.4825915839,19.2945071606
12.8246697046,-5.8946743972,0,0,0,0,0,-6.4901158998,19.350273525
12.8147216433,-5.9101974329,0,0,0,0,0,-6.4975777055,19.4059924593
12.8047734826,-5.925708073,0,0,0,0,0,-6.5049773957,19.4616648041
12.7948252242,-5.9412065378,0,0,0,0,0,-6.5123153609,19.5172913909
12.784876872,-5.9566933512,0,0,0,0,0,-6.5195923091,19.5728741629
12.7749282657,-5.9721672367,0,0,0,0,0,-6.5268069157,19.6284084537
12.7649791262,-5.9876315037,0,0,0,0,0,-6.5339625377,19.683906372
12.7550237373,-6.002139838,0,0,0,0,0,-6.5400703454,19.7358983173
12.7450469028,-6.0128654789,0,0,0,0,0,-6.5421899727,19.7740127495
12.7350703928,-6.0235967682,0,0,0,0,0,-6.5442875337,19.8121343174
12.7250941505,-6.0343402511,0,0,0,0,0,-6.5463697635,19.8502869957
12.7151180814,-6.0450925089,0,0,0,0,0,-6.5484330309,19.88845822
12.7051421237,-6.0558541918,0,0,0,0,0,-6.5504779513,19.9266503476
12.695166224,-6.0666255842,0,0,0,0,0,-6.5525047668,19.9648643974
12.6851903527,-6.077406792,0,0,0,0,0,-6.5545135556,20.0031007347
12.6752145097,-6.0881978545,0,0,0,0,0,-6.5565043538,20.0413594852
12.6652386953,-6.0989988137,0,0,0,0,0,-6.5584772003,20.0796407838
12.6552629096,-6.1098097115,0,0,0,0,0,-6.5604321336,20.1179447654
12.6452871528,-6.1206305899,0,0,0,0,0,-6.5623691924,20.1562715649
12.6353114252,-6.131461491,0,0,0,0,0,-6.564288415,20.1946213171
12.6253357269,-6.142302457,0,0,0,0,0,-6.5661898396,20.232994157
12.6153600581,-6.1531535298,0,0,0,0,0,-6.5680735043,20.2713902196
12.6053844191,-6.1640147518,0,0,0,0,0,-6.5699394469,20.3098096396
12.59540881,-6.174886165,0,0,0,0,0,-6.5717877053,20.3482525522
12.5854332311,-6.1857678119,0,0,0,0,0,-6.5736183171,20.3867190923
12.5754576825,-6.1966597347,0,0,0,0,0,-6.5754313196,20.4252093948
12.5654821645,-6.2075619757,0,0,0,0,0,-6.5772267503,20.4637235949
12.5555066773,-6.2184745774,0,0,0,0,0,-6.5790046462,20.5022618275
12.545531221,-6.2293975822,0,0,0,0,0,-6.5807650443,20.5408242277
12.535555796,-6.2403310327,0,0,0,0,0,-6.5825079816,20.5794109308
12.5255804023,-6.2512749713,0,0,0,0,0,-6.5842334946,20.6180220717
12.5156050402,-6.2622294406,0,0,0,0,0,-6.5859416201,20.6566577859
12.5056297099,-6.2731944834,0,0,0,0,0,-6.5876323943,20.6953182084
12.4956544116,-6.2841701423,0,0,0,0,0,-6.5893058537,20.7340034745
12.4856791455,-6.29515646,0,0,0,0,0,-6.5909620342,20.7727137197
12.4757039118,-6.3061534794,0,0,0,0,0,-6.592600972,20.8114490793
12.4657287108,-6.3171612433,0,0,0,0,0,-6.5942227028,20.8502096887
12.4557535426,-6.3281797946,0,0,0,0,0,-6.5958272624,20.8889956834
12.4457784075,-6.3392091764,0,0,0,0,0,-6.5974146863,20.927807199
12.4358033056,-6.3502494315,0,0,0,0,0,-6.59898501,20.9666443711
12.4258282372,-6.3613006031,0,0,0,0,0,-6.6005382688,21.0055073354
12.4158532024,-6.3723627343,0,0,0,0,0,-6.6020744979,21.0443962276
12.4058782016,-6.3834358683,0,0,0,0,0,-6.6035937322,21.0833111835
12.3959032348,-6.3945200483,0,0,0,0,0,-6.6050960066,21.122252339
12.3859283024,-6.4056153177,0,0,0,0,0,-6.606581356,21.1612198301
12.3759534045,-6.4167217198,0,0,0,0,0,-6.6080498148,21.2002137927
12.3659785413,-6.427839298,0,0,0,0,0,-6.6095014177,21.2392343631
12.3560037131,-6.4389680958,0,0,0,0,0,-6.610936199,21.2782816774
12.34602892,-6.4501081567,0,0,0,0,0,-6.6123541928,21.3173558718
12.3360541623,-6.4612595244,0,0,0,0,0,-6.6137554334,21.3564570827
12.3260794402,-6.4724222425,0,0,0,0,0,-6.6151399546,21.3955854467
12.316104754,-6.4835963548,0,0,0,0,0,-6.6165077903,21.4347411001
12.3061301037,-6.494781905,0,0,0,0,0,-6.6178589742,21.4739241797
12.2961554897,-6.505978937,0,0,0,0,0,-6.6191935398,21.5131348222
12.2861809121,-6.5171874947,0,0,0,0,0,-6.6205115208,21.5523731644
12.2762063712,-6.5284076221,0,0,0,0,0,-6.6218129502,21.5916393432
12.2662318671,-6.5396393633,0,0,0,0,0,-6.6230978615,21.6309334957
12.2562574002,-6.5508827624,0,0,0,0,0,-6.6243662876,21.670255759
12.2462829706,-6.5621378635,0,0,0,0,0,-6.6256182615,21.7096062704
12.2363085786,-6.573404711,0,0,0,0,0,-6.626853816,21.7489851672
12.2263342243,-6.5846833492,0,0,0,0,0,-6.6280729839,21.7883925869
12.216359908,-6.5959738224,0,0,0,0,0,-6.6292757978,21.8278286671
12.2063856298,-6.6072761752,0,0,0,0,0,-6.63046229,21.8672935454
12.1964113901,-6.618590452,0,0,0,0,0,-6.631632493,21.9067873598
12.1864371891,-6.6299166976,0,0,0,0,0,-6.632786439,21.9463102481
12.1764630269,-6.6412549565,0,0,0,0,0,-6.63392416,21.9858623485
12.1664889038,-6.6526052735,0,0,0,0,0,-6.6350456882,22.0254437991
12.15651482,-6.6639676934,0,0,0,0,0,-6.6361510553,22.0650547383
12.1465407757,-6.6753422613,0,0,0,0,0,-6.6372402931,22.1046953046
12.1365667712,-6.686729022,0,0,0,0,0,-6.6383134333,22.1443656365
12.1265928067,-6.6981280206,0,0,0,0,0,-6.6393705073,22.1840658728
12.1166188824,-6.7095393022,0,0,0,0,0,-6.6404115467,22.2237961524
12.1066449985,-6.7209629121,0,0,0,0,0,-6.6414365826,22.2635566143
12.0966711552,-6.7323988955,0,0,0,0,0,-6.6424456463,22.3033473976
12.0866973529,-6.7438472978,0,0,0,0,0,-6.6434387689,22.3431686418
12.0767235917,-6.7553081645,0,0,0,0,0,-6.6444159813,22.3830204861
12.0667498718,-6.766781541,0,0,0,0,0,-6.6453773143,22.4229030704
12.0567761934,-6.778267473,0,0,0,0,0,-6.6463227987,22.4628165343
12.0468025569,-6.7897660062,0,0,0,0,0,-6.6472524651,22.5027610178
12.0368289624,-6.8012771864,0,0,0,0,0,-6.648166344,22.5427366609
12.0268554102,-6.8128010593,0,0,0,0,0,-6.6490644659,22.582743604
12.0168819004,-6.824337671,0,0,0,0,0,-6.649946861,22.6227819874
12.0069084334,-6.8358870674,0,0,0,0,0,-6.6508135595,22.6628519518
11.9969350093,-6.8474492947,0,0,0,0,0,-6.6516645915,22.7029536377
11.9869616285,-6.859024399,0,0,0,0,0,-6.652499987,22.7430871863
11.976988291,-6.8706124267,0,0,0,0,0,-6.6533197759,22.7832527386
11.9670149972,-6.882213424,0,0,0,0,0,-6.6541239878,22.8234504359
11.9570417473,-6.8938274375,0,0,0,0,0,-6.6549126525,22.8636804196
11.9470685415,-6.9054545136,0,0,0,0,0,-6.6556857996,22.9039428313
11.9370953801,-6.9170946991,0,0,0,0,0,-6.6564434584,22.9442378129
11.9271222633,-6.9287480405,0,0,0,0,0,-6.6571856584,22.9845655064
11.9171491913,-6.9404145848,0,0,0,0,0,-6.6579124287,23.024926054
11.9071761645,-6.9520943788,0,0,0,0,0,-6.6586237985,23.065319598
11.8972031829,-6.9637874695,0,0,0,0,0,-6.6593197968,23.105746281
11.8872302469,-6.9754939039,0,0,0,0,0,-6.6600004527,23.1462062458
11.8772573567,-6.9872137294,0,0,0,0,0,-6.6606657949,23.1866996354
11.8672845125,-6.998946993,0,0,0,0,0,-6.6613158521,23.2272265929
11.8573117146,-7.0106937422,0,0,0,0,0,-6.6619506531,23.2677872618
11.8473389633,-7.0224540245,0,0,0,0,0,-6.6625702262,23.3083817855
11.8373662587,-7.0342278874,0,0,0,0,0,-6.6631746001,23.3490103079
11.8273936011,-7.0460153784,0,0,0,0,0,-6.663763803,23.3896729729
11.8174209908,-7.0578165455,0,0,0,0,0,-6.6643378632,23.4303699249
11.807448428,-7.0696314363,0,0,0,0,0,-6.6648968087,23.4711013081
11.797475913,-7.0814600989,0,0,0,0,0,-6.6654406678,23.5118672672
11.7875034459,-7.0933025813,0,0,0,0,0,-6.6659694683,23.5526679471
11.7775310271,-7.1051589315,0,0,0,0,0,-6.6664832381,23.5935034929
11.7675586569,-7.117029198,0,0,0,0,0,-6.6669820049,23.6343740498
11.7575863353,-7.1289134289,0,0,0,0,0,-6.6674657965,23.6752797634
11.7476140628,-7.1408116728,0,0,0,0,0,-6.6679346404,23.7162207795
11.7376418395,-7.1527239781,0,0,0,0,0,-6.668388564,23.757197244
11.7276696658,-7.1646503935,0,0,0,0,0,-6.6688275949,23.7982093032
11.7176975417,-7.1765909678,0,0,0,0,0,-6.6692517602,23.8392571035
11.7077254678,-7.1885457497,0,0,0,0,0,-6.6696610872,23.8803407916
11.697753444,-7.2005147884,0,0,0,0,0,-6.670055603,23.9214605145
11.6877814708,-7.2124981327,0,0,0,0,0,-6.6704353347,23.9626164193
11.6778095484,-7.224495832,0,0,0,0,0,-6.6708003091,24.0038086534
11.6678376771,-7.2365079353,0,0,0,0,0,-6.6711505531,24.0450373647
11.657865857,-7.2485344923,0,0,0,0,0,-6.6714860934,24.0863027008
11.6478940885,-7.2605755522,0,0,0,0,0,-6.6718069568,24.1276048102
11.6379223718,-7.2726311648,0,0,0,0,0,-6.6721131698,24.1689438411
11.6279507072,-7.2847013797,0,0,0,0,0,-6.6724047589,24.2103199423
11.6179790949,-7.2967862467,0,0,0,0,0,-6.6726817504,24.2517332627
11.6080075353,-7.3088858159,0,0,0,0,0,-6.6729441708,24.2931839516
11.5980360285,-7.3210001371,0,0,0,0,0,-6.6731920462,24.3346721584
11.5880645748,-7.3331292606,0,0,0,0,0,-6.6734254027,24.3761980329
11.5780931746,-7.3452732367,0,0,0,0,0,-6.6736442664,24.417761725
11.568121828,-7.3574321157,0,0,0,0,0,-6.6738486633,24.4593633852
11.5581505354,-7.369605948,0,0,0,0,0,-6.6740386193,24.5010031639
11.548179297,-7.3817947844,0,0,0,0,0,-6.6742141601,24.542681212
11.538208113,-7.3939986756,0,0,0,0,0,-6.6743753115,24.5843976806
11.5282369838,-7.4062176723,0,0,0,0,0,-6.6745220991,24.6261527211
11.5182659096,-7.4184518256,0,0,0,0,0,-6.6746545485,24.6679464852
11.5082948907,-7.4307011865,0,0,0,0,0,-6.674772685,24.709779125
11.4983239274,-7.4429658062,0,0,0,0,0,-6.6748765341,24.7516507925
11.4883530199,-7.455245736,0,0,0,0,0,-6.6749661211,24.7935616405
11.4783821685,-7.4675410275,0,0,0,0,0,-6.6750414711,24.8355118218
11.4684113736,-7.479851732,0,0,0,0,0,-6.6751026094,24.8775014895
11.4584406353,-7.4921779013,0,0,0,0,0,-6.675149561,24.919530797
11.4484699539,-7.5045195872,0,0,0,0,0,-6.6751823508,24.9615998982
11.4384993298,-7.5168768417,0,0,0,0,0,-6.6752010037,25.003708947
11.4285287632,-7.5292497167,0,0,0,0,0,-6.6752055446,25.0458580979
11.4185582544,-7.5416382645,0,0,0,0,0,-6.6751959981,25.0880475055
11.4085878036,-7.5540425372,0,0,0,0,0,-6.675172389,25.1302773247
11.3986174113,-7.5664625875,0,0,0,0,0,-6.6751347417,25.172547711
11.3886470775,-7.5788984677,0,0,0,0,0,-6.6750830809,25.2148588199
11.3786768027,-7.5913502306,0,0,0,0,0,-6.6750174308,25.2572108073
11.3687065871,-7.603817929,0,0,0,0,0,-6.6749378159,25.2996038296
11.3587364311,-7.6163016158,0,0,0,0,0,-6.6748442603,25.3420380432
11.3487663348,-7.628801344,0,0,0,0,0,-6.6747367884,25.3845136051
11.3387962986,-7.641317167,0,0,0,0,0,-6.6746154241,25.4270306726
11.3288263228,-7.6538491378,0,0,0,0,0,-6.6744801916,25.4695894032
11.3188564077,-7.6663973102,0,0,0,0,0,-6.6743311147,25.5121899548
11.3088865536,-7.6789617375,0,0,0,0,0,-6.6741682174,25.5548324856
11.2989167607,-7.6915424736,0,0,0,0,0,-6.6739915235,25.5975171543
11.2889470293,-7.7041395722,0,0,0,0,0,-6.6738010566,25.6402441198
11.2789773599,-7.7167530875,0,0,0,0,0,-6.6735968405,25.6830135413
11.2690077526,-7.7293830734,0,0,0,0,0,-6.6733788987,25.7258255785
11.2590382077,-7.7420295842,0,0,0,0,0,-6.6731472547,25.7686803913
11.2490687256,-7.7546926745,0,0,0,0,0,-6.6729019319,25.8115781401
11.2390993066,-7.7673723985,0,0,0,0,0,-6.6726429538,25.8545189855
11.2291299509,-7.7800688112,0,0,0,0,0,-6.6723703436,25.8975030886
11.2191606589,-7.7927819672,0,0,0,0,0,-6.6720841245,25.9405306107
11.2091914309,-7.8055119214,0,0,0,0,0,-6.6717843197,25.9836017136
11.1992222672,-7.8182587291,0,0,0,0,0,-6.6714709522,26.0267165596
11.1892531681,-7.8310224454,0,0,0,0,0,-6.671144045,26.0698753109
11.1792841338,-7.8438031257,0,0,0,0,0,-6.6708036211,26.1130781306
11.1693151648,-7.8566008254,0,0,0,0,0,-6.6704497033,26.1563251818
11.1593462613,-7.8694156003,0,0,0,0,0,-6.6700823144,26.1996166282
11.1493774237,-7.8822475062,0,0,0,0,0,-6.6697014771,26.2429526337
11.1394086522,-7.895096599,0,0,0,0,0,-6.669307214,26.2863333628
11.1294399472,-7.9079629348,0,0,0,0,0,-6.6688995478,26.3297589802
